item_id,paper_id,split,source_split,fold,claim_type,best_models,selected_model,selected_observed_accuracy,best_accuracy,tie_aware_hit,regret,observed_acc_qwen3vl,pred_acc_qwen3vl,observed_acc_pixtral12b,pred_acc_pixtral12b,observed_acc_kimi_vl_a3b,pred_acc_kimi_vl_a3b
sciver_test_24,2411.15665v1,cv,test,1,analytical,qwen3vl,qwen3vl,1.0,1.0,True,0.0,1.0,0.812363,0.8,0.591658,0.8,0.679727
sciver_test_72,2410.09133v1,cv,test,1,analytical,kimi_vl_a3b,pixtral12b,0.6,1.0,False,0.4,0.4,0.379688,0.6,0.980024,1.0,0.803003
sciver_test_85,2411.15413v1,cv,test,1,analytical,qwen3vl;kimi_vl_a3b,kimi_vl_a3b,1.0,1.0,True,0.0,1.0,0.700815,0.6,0.817304,1.0,1.0
sciver_test_91,2410.08821v1,cv,test,1,analytical,kimi_vl_a3b,kimi_vl_a3b,1.0,1.0,True,0.0,0.6,0.177935,0.6,0.585779,1.0,0.737857
sciver_test_96,2411.14711v1,cv,test,1,analytical,qwen3vl;pixtral12b,pixtral12b,1.0,1.0,True,0.0,1.0,0.197701,1.0,0.639799,0.6,0.0
sciver_test_106,2411.15583v1,cv,test,1,analytical,qwen3vl,kimi_vl_a3b,0.6,0.8,False,0.2,0.8,0.046233,0.6,0.912886,0.6,1.0
sciver_test_264,2410.06645v4,cv,test,1,analytical,qwen3vl;pixtral12b;kimi_vl_a3b,pixtral12b,1.0,1.0,True,0.0,1.0,0.676014,1.0,1.0,1.0,1.0
sciver_test_265,2410.16928v2,cv,test,1,analytical,qwen3vl,kimi_vl_a3b,0.0,1.0,False,1.0,1.0,0.237837,0.0,0.520903,0.0,0.68434
sciver_test_312,2409.06290v1,cv,test,1,analytical,qwen3vl,qwen3vl,1.0,1.0,True,0.0,1.0,0.726823,0.0,0.480038,0.6,0.0
sciver_test_328,2411.16119v1,cv,test,1,analytical,qwen3vl,pixtral12b,0.6,1.0,False,0.4,1.0,0.454228,0.6,0.865585,0.6,0.568114
sciver_test_361,2409.03247v1,cv,test,1,analytical,qwen3vl,qwen3vl,1.0,1.0,True,0.0,1.0,0.702391,0.4,0.283147,0.4,0.50478
sciver_test_363,2410.02010v1,cv,test,1,analytical,qwen3vl,pixtral12b,0.0,1.0,False,1.0,1.0,0.458261,0.0,0.642431,0.8,0.314935
sciver_test_392,2410.13650v1,cv,test,1,analytical,qwen3vl,pixtral12b,0.2,1.0,False,0.8,1.0,0.0,0.2,0.2215,0.4,0.0
sciver_test_395,2411.01217v1,cv,test,1,analytical,kimi_vl_a3b,pixtral12b,0.8,1.0,False,0.2,0.2,0.037614,0.8,0.576081,1.0,0.494421
sciver_test_400,2411.05087v1,cv,test,1,analytical,qwen3vl,qwen3vl,0.8,0.8,True,0.0,0.8,1.0,0.0,0.0,0.4,0.0
sciver_test_409,2411.06214v1,cv,test,1,analytical,qwen3vl,pixtral12b,0.2,1.0,False,0.8,1.0,0.495402,0.2,0.871182,0.6,0.737766
sciver_test_421,2411.17987v1,cv,test,1,analytical,qwen3vl,kimi_vl_a3b,0.0,1.0,False,1.0,1.0,0.192727,0.0,0.452324,0.0,1.0
sciver_test_436,2411.03304v1,cv,test,1,analytical,qwen3vl,pixtral12b,0.2,0.4,False,0.2,0.4,0.842531,0.2,0.997961,0.0,0.19933
sciver_test_440,2409.13671v1,cv,test,1,analytical,kimi_vl_a3b,qwen3vl,0.4,0.8,False,0.4,0.4,0.917975,0.4,0.293743,0.8,0.873385
sciver_test_494,2411.11340v1,cv,test,1,direct,pixtral12b,pixtral12b,0.8,0.8,True,0.0,0.2,0.584472,0.8,0.635511,0.0,0.605434
sciver_test_527,2409.07717v1,cv,test,1,direct,pixtral12b,pixtral12b,0.8,0.8,True,0.0,0.0,0.340544,0.8,0.596711,0.0,0.573338
sciver_test_563,2411.14497v1,cv,test,1,direct,pixtral12b,kimi_vl_a3b,0.0,0.4,False,0.4,0.0,0.46744,0.4,0.335995,0.0,0.963519
sciver_test_578,2410.16928v2,cv,test,1,direct,qwen3vl,qwen3vl,1.0,1.0,True,0.0,1.0,0.620328,0.8,0.0,0.8,0.431438
sciver_test_579,2409.17732v1,cv,test,1,direct,pixtral12b,qwen3vl,0.6,0.8,False,0.2,0.6,0.792092,0.8,0.488833,0.0,0.0
sciver_test_586,2411.16119v1,cv,test,1,direct,pixtral12b,pixtral12b,1.0,1.0,True,0.0,0.0,0.0,1.0,0.869135,0.0,0.399578
sciver_test_598,2411.08982v1,cv,test,1,direct,qwen3vl;pixtral12b,pixtral12b,0.8,0.8,True,0.0,0.8,0.379135,0.8,0.675027,0.0,0.052174
sciver_test_629,2409.05114v2,cv,test,1,direct,pixtral12b,kimi_vl_a3b,0.6,0.8,False,0.2,0.0,0.349312,0.8,0.605801,0.6,0.965878
sciver_test_713,2411.16535v1,cv,test,1,direct,pixtral12b,pixtral12b,0.6,0.6,True,0.0,0.4,0.353773,0.6,0.723278,0.2,0.040655
sciver_test_721,2410.09133v1,cv,test,1,direct,pixtral12b,qwen3vl,0.4,0.6,False,0.2,0.4,1.0,0.6,0.530266,0.4,0.66515
sciver_test_740,2411.14711v1,cv,test,1,direct,qwen3vl;pixtral12b,pixtral12b,1.0,1.0,True,0.0,1.0,0.19594,1.0,0.448047,0.2,0.159452
sciver_test_750,2411.15583v1,cv,test,1,direct,qwen3vl,pixtral12b,0.2,1.0,False,0.8,1.0,0.1507,0.2,0.903932,0.4,0.351266
sciver_test_774,2410.04784v1,cv,test,1,direct,kimi_vl_a3b,pixtral12b,0.2,1.0,False,0.8,0.2,0.52861,0.2,0.903761,1.0,0.774287
sciver_test_933,2409.03247v1,cv,test,1,direct,qwen3vl,pixtral12b,0.4,1.0,False,0.6,1.0,0.42043,0.4,0.904899,0.2,0.27498
sciver_test_948,2410.24145v1,cv,test,1,direct,qwen3vl,qwen3vl,1.0,1.0,True,0.0,1.0,1.0,0.4,0.0,0.8,0.735683
sciver_test_953,2411.06214v1,cv,test,1,direct,qwen3vl,pixtral12b,0.2,1.0,False,0.8,1.0,0.0,0.2,0.496034,0.8,0.313319
sciver_test_959,2411.17987v1,cv,test,1,direct,kimi_vl_a3b,qwen3vl,0.6,0.8,False,0.2,0.6,0.699104,0.6,0.287842,0.8,0.447937
sciver_test_967,2411.03304v1,cv,test,1,direct,qwen3vl,pixtral12b,0.0,1.0,False,1.0,1.0,0.19819,0.0,0.32136,0.2,0.308758
sciver_test_969,2409.13671v1,cv,test,1,direct,qwen3vl;kimi_vl_a3b,kimi_vl_a3b,1.0,1.0,True,0.0,1.0,0.138111,0.8,0.21313,1.0,0.612404
sciver_test_979,2409.16316v1,cv,test,1,direct,qwen3vl,qwen3vl,1.0,1.0,True,0.0,1.0,0.421086,0.6,0.0,0.8,0.0
sciver_val_12,2410.03091v1,cv,val,1,analytical,pixtral12b;kimi_vl_a3b,kimi_vl_a3b,1.0,1.0,True,0.0,0.8,0.188563,1.0,0.560787,1.0,0.991024
sciver_val_77,2409.06103v1,cv,val,1,analytical,qwen3vl;pixtral12b,kimi_vl_a3b,0.8,1.0,False,0.2,1.0,0.379548,1.0,0.780392,0.8,0.868325
sciver_val_123,2411.01537v1,cv,val,1,analytical,qwen3vl,kimi_vl_a3b,0.2,0.6,False,0.4,0.6,0.425181,0.0,0.640562,0.2,0.641119
sciver_val_125,2410.11716v1,cv,val,1,analytical,qwen3vl;pixtral12b;kimi_vl_a3b,pixtral12b,0.2,0.2,True,0.0,0.2,0.832432,0.2,0.918488,0.2,0.038717
sciver_val_130,2410.02398v1,cv,val,1,analytical,qwen3vl,qwen3vl,1.0,1.0,True,0.0,1.0,0.618248,0.6,0.0,0.8,0.191111
sciver_val_145,2410.17831v1,cv,val,1,analytical,qwen3vl,qwen3vl,1.0,1.0,True,0.0,1.0,1.0,0.0,0.757835,0.0,1.0
sciver_val_148,2409.00935v1,cv,val,1,analytical,qwen3vl;kimi_vl_a3b,pixtral12b,0.4,1.0,False,0.6,1.0,0.541364,0.4,0.840022,1.0,0.440143
sciver_val_186,2409.14857v2,cv,val,1,analytical,qwen3vl;kimi_vl_a3b,qwen3vl,1.0,1.0,True,0.0,1.0,0.769535,0.2,0.383388,1.0,0.68257
sciver_val_199,2410.19599v2,cv,val,1,analytical,qwen3vl,kimi_vl_a3b,0.8,1.0,False,0.2,1.0,0.0,0.8,0.778341,0.8,0.955539
sciver_val_237,2409.19747v1,cv,val,1,analytical,qwen3vl,qwen3vl,1.0,1.0,True,0.0,1.0,1.0,0.2,0.35329,0.6,0.060292
sciver_val_274,2409.19747v1,cv,val,1,direct,qwen3vl;pixtral12b;kimi_vl_a3b,qwen3vl,0.0,0.0,True,0.0,0.0,1.0,0.0,0.017095,0.0,0.0
sciver_val_281,2411.02348v1,cv,val,1,direct,pixtral12b,qwen3vl,0.2,0.6,False,0.4,0.2,1.0,0.6,0.461017,0.2,0.308878
sciver_val_317,2411.02824v1,cv,val,1,direct,pixtral12b,qwen3vl,0.0,0.8,False,0.8,0.0,0.569795,0.8,0.0,0.2,0.0
sciver_val_348,2410.03091v1,cv,val,1,direct,pixtral12b,qwen3vl,0.4,0.6,False,0.2,0.4,0.804324,0.6,0.646809,0.2,0.063335
sciver_val_401,2410.21088v1,cv,val,1,direct,qwen3vl,pixtral12b,0.2,1.0,False,0.8,1.0,0.732306,0.2,0.878914,0.8,0.046779
sciver_val_434,2411.01537v1,cv,val,1,direct,kimi_vl_a3b,kimi_vl_a3b,0.8,0.8,True,0.0,0.6,0.45912,0.6,0.860037,0.8,1.0
sciver_val_436,2410.11716v1,cv,val,1,direct,qwen3vl,qwen3vl,0.4,0.4,True,0.0,0.4,1.0,0.2,0.353896,0.0,0.617059
sciver_val_491,2409.16797v1,cv,val,1,direct,kimi_vl_a3b,qwen3vl,0.0,0.8,False,0.8,0.0,1.0,0.6,0.315025,0.8,0.674288
sciver_test_18,2411.09289v1,cv,test,2,analytical,kimi_vl_a3b,kimi_vl_a3b,1.0,1.0,True,0.0,0.8,0.490817,0.8,0.439897,1.0,0.858758
sciver_test_33,2411.18383v1,cv,test,2,analytical,pixtral12b,qwen3vl,0.0,1.0,False,1.0,0.0,0.320709,1.0,0.092966,0.8,0.224442
sciver_test_49,2409.11491v1,cv,test,2,analytical,qwen3vl;kimi_vl_a3b,qwen3vl,0.8,0.8,True,0.0,0.8,1.0,0.6,0.114565,0.8,1.0
sciver_test_55,2411.16868v1,cv,test,2,analytical,kimi_vl_a3b,kimi_vl_a3b,1.0,1.0,True,0.0,0.4,0.252612,0.6,0.281385,1.0,0.379763
sciver_test_58,2409.17730v1,cv,test,2,analytical,kimi_vl_a3b,pixtral12b,0.8,1.0,False,0.2,0.0,0.018365,0.8,0.625027,1.0,0.0
sciver_test_69,2409.05061v2,cv,test,2,analytical,kimi_vl_a3b,kimi_vl_a3b,0.8,0.8,True,0.0,0.0,0.015654,0.2,0.542611,0.8,0.642823
sciver_test_83,2411.01289v1,cv,test,2,analytical,pixtral12b;kimi_vl_a3b,kimi_vl_a3b,0.8,0.8,True,0.0,0.2,0.381234,0.8,0.337098,0.8,1.0
sciver_test_90,2409.17791v1,cv,test,2,analytical,kimi_vl_a3b,kimi_vl_a3b,1.0,1.0,True,0.0,0.6,0.0,0.6,0.0,1.0,0.273994
sciver_test_109,2410.09123v2,cv,test,2,analytical,kimi_vl_a3b,qwen3vl,0.2,1.0,False,0.8,0.2,0.538407,0.8,0.226308,1.0,0.422732
sciver_test_184,2410.02320v2,cv,test,2,analytical,pixtral12b,pixtral12b,0.8,0.8,True,0.0,0.2,0.0,0.8,1.0,0.6,0.658761
sciver_test_213,2411.02860v1,cv,test,2,analytical,pixtral12b,pixtral12b,1.0,1.0,True,0.0,0.0,0.676192,1.0,0.958143,0.6,0.483538
sciver_test_215,2411.02175v1,cv,test,2,analytical,kimi_vl_a3b,kimi_vl_a3b,1.0,1.0,True,0.0,0.0,0.545627,0.8,0.872244,1.0,1.0
sciver_test_275,2410.19779v1,cv,test,2,analytical,qwen3vl,qwen3vl,1.0,1.0,True,0.0,1.0,1.0,0.2,0.22377,0.2,0.668684
sciver_test_296,2411.15668v1,cv,test,2,analytical,qwen3vl,qwen3vl,1.0,1.0,True,0.0,1.0,0.749651,0.0,0.081946,0.8,0.375061
sciver_test_298,2411.10746v1,cv,test,2,analytical,kimi_vl_a3b,qwen3vl,0.2,0.6,False,0.4,0.2,1.0,0.2,0.706691,0.6,0.555438
sciver_test_301,2409.11074v2,cv,test,2,analytical,qwen3vl,qwen3vl,0.6,0.6,True,0.0,0.6,0.596914,0.0,0.220586,0.2,0.529012
sciver_test_333,2409.01722v2,cv,test,2,analytical,qwen3vl,qwen3vl,1.0,1.0,True,0.0,1.0,1.0,0.0,0.65335,0.6,0.717054
sciver_test_355,2411.00028v2,cv,test,2,analytical,qwen3vl,qwen3vl,0.6,0.6,True,0.0,0.6,1.0,0.0,0.307941,0.0,0.938318
sciver_test_412,2409.12892v1,cv,test,2,analytical,qwen3vl,qwen3vl,0.2,0.2,True,0.0,0.2,0.610439,0.0,0.0,0.0,0.526108
sciver_test_451,2411.11786v1,cv,test,2,analytical,qwen3vl,kimi_vl_a3b,0.0,1.0,False,1.0,1.0,0.0,0.0,0.438188,0.0,0.906931
sciver_test_525,2410.15049v1,cv,test,2,direct,pixtral12b,pixtral12b,0.8,0.8,True,0.0,0.0,0.0,0.8,0.44654,0.2,0.0
sciver_test_540,2409.20054v1,cv,test,2,direct,qwen3vl;pixtral12b,pixtral12b,0.8,0.8,True,0.0,0.8,0.981336,0.8,1.0,0.4,0.555746
sciver_test_547,2411.09289v1,cv,test,2,direct,pixtral12b,pixtral12b,0.2,0.2,True,0.0,0.0,0.218354,0.2,0.946083,0.0,0.517237
sciver_test_571,2409.04050v1,cv,test,2,direct,pixtral12b,pixtral12b,0.4,0.4,True,0.0,0.2,0.42407,0.4,0.631158,0.0,0.367058
sciver_test_580,2409.08732v1,cv,test,2,direct,pixtral12b;kimi_vl_a3b,qwen3vl,0.0,0.4,False,0.4,0.0,0.753648,0.4,0.12054,0.4,0.0
sciver_test_583,2409.11074v2,cv,test,2,direct,kimi_vl_a3b,kimi_vl_a3b,1.0,1.0,True,0.0,0.2,0.536353,0.6,0.542415,1.0,0.568561
sciver_test_615,2410.03030v1,cv,test,2,direct,pixtral12b;kimi_vl_a3b,kimi_vl_a3b,0.6,0.6,True,0.0,0.2,0.478363,0.6,0.501686,0.6,0.643391
sciver_test_625,2411.14713v1,cv,test,2,direct,qwen3vl,qwen3vl,1.0,1.0,True,0.0,1.0,1.0,0.6,0.173116,0.8,0.437453
sciver_test_650,2411.09315v1,cv,test,2,direct,kimi_vl_a3b,qwen3vl,0.2,0.6,False,0.4,0.2,0.73792,0.4,0.050201,0.6,0.255401
sciver_test_704,2409.11491v1,cv,test,2,direct,pixtral12b,qwen3vl,0.2,1.0,False,0.8,0.2,1.0,1.0,0.899051,0.0,0.113941
sciver_test_709,2411.16868v1,cv,test,2,direct,qwen3vl;pixtral12b,pixtral12b,1.0,1.0,True,0.0,1.0,0.0,1.0,0.711737,0.0,0.476287
sciver_test_734,2409.17791v1,cv,test,2,direct,qwen3vl,qwen3vl,1.0,1.0,True,0.0,1.0,0.999655,0.6,0.288608,0.4,0.490707
sciver_test_759,2411.05521v2,cv,test,2,direct,kimi_vl_a3b,qwen3vl,0.4,0.8,False,0.4,0.4,1.0,0.2,0.965124,0.8,0.217833
sciver_test_811,2410.02320v2,cv,test,2,direct,qwen3vl,qwen3vl,1.0,1.0,True,0.0,1.0,0.943088,0.2,0.0,0.8,0.329751
sciver_test_871,2410.21100v1,cv,test,2,direct,kimi_vl_a3b,kimi_vl_a3b,0.6,0.6,True,0.0,0.2,0.723645,0.0,0.0017,0.6,1.0
sciver_test_886,2411.16659v1,cv,test,2,direct,kimi_vl_a3b,kimi_vl_a3b,1.0,1.0,True,0.0,0.4,0.33211,0.0,0.0,1.0,0.550443
sciver_test_891,2411.10746v1,cv,test,2,direct,qwen3vl;kimi_vl_a3b,qwen3vl,1.0,1.0,True,0.0,1.0,1.0,0.8,0.836307,1.0,0.472223
sciver_test_956,2409.12892v1,cv,test,2,direct,qwen3vl;kimi_vl_a3b,qwen3vl,0.4,0.4,True,0.0,0.4,0.387689,0.0,0.0,0.4,0.260988
sciver_test_973,2411.11786v1,cv,test,2,direct,qwen3vl;kimi_vl_a3b,kimi_vl_a3b,1.0,1.0,True,0.0,1.0,0.428354,0.6,0.650977,1.0,1.0
sciver_val_93,2411.02264v1,cv,val,2,analytical,pixtral12b,pixtral12b,1.0,1.0,True,0.0,0.4,0.151172,1.0,0.98733,0.8,0.746732
sciver_val_139,2409.11088v1,cv,val,2,analytical,kimi_vl_a3b,qwen3vl,0.2,0.6,False,0.4,0.2,0.0,0.0,0.0,0.6,0.0
sciver_val_147,2410.05817v3,cv,val,2,analytical,qwen3vl;kimi_vl_a3b,qwen3vl,1.0,1.0,True,0.0,1.0,0.331604,0.8,0.216917,1.0,0.303208
sciver_val_160,2411.06175v1,cv,val,2,analytical,qwen3vl,pixtral12b,0.4,0.8,False,0.4,0.8,0.169578,0.4,0.573068,0.4,0.0
sciver_val_180,2411.13005v1,cv,val,2,analytical,qwen3vl,kimi_vl_a3b,0.0,0.6,False,0.6,0.6,0.545938,0.0,0.089476,0.0,1.0
sciver_val_194,2410.10054v1,cv,val,2,analytical,qwen3vl,pixtral12b,0.2,1.0,False,0.8,1.0,0.397694,0.2,0.672929,0.4,0.36397
sciver_val_228,2410.12968v1,cv,val,2,analytical,qwen3vl,qwen3vl,0.4,0.4,True,0.0,0.4,1.0,0.0,0.984886,0.0,0.823589
sciver_val_250,2409.06178v1,cv,val,2,analytical,qwen3vl,qwen3vl,0.8,0.8,True,0.0,0.8,0.239232,0.0,0.182823,0.4,0.187986
sciver_val_277,2409.15044v3,cv,val,2,direct,pixtral12b,qwen3vl,0.4,0.8,False,0.4,0.4,1.0,0.8,0.673309,0.6,1.0
sciver_val_282,2411.11374v1,cv,val,2,direct,pixtral12b,pixtral12b,1.0,1.0,True,0.0,0.4,0.0,1.0,0.759756,0.6,0.160947
sciver_val_310,2410.12968v1,cv,val,2,direct,qwen3vl,pixtral12b,0.6,0.8,False,0.2,0.8,0.622696,0.6,0.730782,0.0,0.569602
sciver_val_335,2411.12263v1,cv,val,2,direct,qwen3vl;pixtral12b,kimi_vl_a3b,0.4,0.8,False,0.4,0.8,0.429926,0.8,0.857589,0.4,1.0
sciver_val_410,2411.02264v1,cv,val,2,direct,qwen3vl,kimi_vl_a3b,0.8,1.0,False,0.2,1.0,0.383565,0.6,0.05523,0.8,0.709574
sciver_val_431,2409.07019v1,cv,val,2,direct,qwen3vl,pixtral12b,0.0,0.6,False,0.6,0.6,0.449393,0.0,0.464666,0.4,0.360046
sciver_val_450,2410.06765v1,cv,val,2,direct,kimi_vl_a3b,pixtral12b,0.2,0.8,False,0.6,0.6,0.467447,0.2,0.846331,0.8,0.432429
sciver_val_455,2410.05817v3,cv,val,2,direct,kimi_vl_a3b,qwen3vl,0.8,1.0,False,0.2,0.8,1.0,0.4,0.022715,1.0,0.706711
sciver_val_469,2411.06175v1,cv,val,2,direct,qwen3vl;kimi_vl_a3b,kimi_vl_a3b,1.0,1.0,True,0.0,1.0,0.527694,0.2,0.278356,1.0,0.718153
sciver_val_483,2411.13005v1,cv,val,2,direct,kimi_vl_a3b,kimi_vl_a3b,0.6,0.6,True,0.0,0.2,0.68847,0.2,0.0,0.6,1.0
sciver_test_42,2409.03735v1,cv,test,3,analytical,qwen3vl;kimi_vl_a3b,qwen3vl,0.8,0.8,True,0.0,0.8,0.69758,0.6,0.5212,0.8,0.123184
sciver_test_45,2411.10018v1,cv,test,3,analytical,pixtral12b;kimi_vl_a3b,qwen3vl,0.2,1.0,False,0.8,0.2,1.0,1.0,0.292196,1.0,0.887189
sciver_test_48,2410.04803v2,cv,test,3,analytical,qwen3vl,pixtral12b,0.4,0.8,False,0.4,0.8,0.07018,0.4,0.530889,0.6,0.0
sciver_test_51,2410.20348v1,cv,test,3,analytical,kimi_vl_a3b,pixtral12b,0.2,0.6,False,0.4,0.2,0.319176,0.2,0.809712,0.6,0.240859
sciver_test_105,2411.09556v1,cv,test,3,analytical,pixtral12b,qwen3vl,0.6,0.8,False,0.2,0.6,0.842086,0.8,0.23257,0.6,0.686368
sciver_test_166,2409.14704v2,cv,test,3,analytical,pixtral12b,kimi_vl_a3b,0.6,1.0,False,0.4,0.8,0.974423,1.0,0.747157,0.6,1.0
sciver_test_181,2410.04068v1,cv,test,3,analytical,pixtral12b,pixtral12b,1.0,1.0,True,0.0,0.0,0.57904,1.0,0.877949,0.8,0.751301
sciver_test_222,2410.09865v2,cv,test,3,analytical,kimi_vl_a3b,kimi_vl_a3b,0.8,0.8,True,0.0,0.4,0.196117,0.4,0.600276,0.8,0.672549
sciver_test_230,2409.11704v1,cv,test,3,analytical,pixtral12b,qwen3vl,0.0,1.0,False,1.0,0.0,1.0,1.0,0.0,0.8,0.460392
sciver_test_284,2410.08642v1,cv,test,3,analytical,qwen3vl;kimi_vl_a3b,kimi_vl_a3b,1.0,1.0,True,0.0,1.0,0.337444,0.2,0.547927,1.0,0.680679
sciver_test_303,2409.04941v1,cv,test,3,analytical,kimi_vl_a3b,pixtral12b,0.0,0.8,False,0.8,0.6,0.300322,0.0,0.684847,0.8,0.462026
sciver_test_323,2411.17170v1,cv,test,3,analytical,qwen3vl,qwen3vl,1.0,1.0,True,0.0,1.0,0.714336,0.0,0.631226,0.2,0.156342
sciver_test_340,2409.15683v1,cv,test,3,analytical,pixtral12b,kimi_vl_a3b,0.0,0.4,False,0.4,0.0,0.204486,0.4,0.376965,0.0,0.645998
sciver_test_394,2411.01424v1,cv,test,3,analytical,qwen3vl,qwen3vl,1.0,1.0,True,0.0,1.0,0.0,0.0,0.0,0.0,0.0
sciver_test_407,2409.12757v2,cv,test,3,analytical,qwen3vl,pixtral12b,0.0,0.2,False,0.2,0.2,0.550198,0.0,0.602995,0.0,0.329477
sciver_test_411,2410.23168v1,cv,test,3,analytical,qwen3vl,kimi_vl_a3b,0.4,1.0,False,0.6,1.0,0.209792,0.6,0.174817,0.4,0.319985
sciver_test_419,2410.16597v1,cv,test,3,analytical,qwen3vl,qwen3vl,1.0,1.0,True,0.0,1.0,0.967675,0.8,0.54397,0.6,0.374457
sciver_test_445,2411.11440v1,cv,test,3,analytical,qwen3vl,kimi_vl_a3b,0.2,0.8,False,0.6,0.8,0.535523,0.6,0.295448,0.2,0.863277
sciver_test_475,2409.07981v1,cv,test,3,analytical,qwen3vl,kimi_vl_a3b,0.6,1.0,False,0.4,1.0,0.663928,0.2,0.22526,0.6,0.675587
sciver_test_530,2411.15737v1,cv,test,3,direct,pixtral12b,kimi_vl_a3b,0.0,0.8,False,0.8,0.0,0.697495,0.8,0.625342,0.0,0.93136
sciver_test_544,2410.19803v1,cv,test,3,direct,pixtral12b,qwen3vl,0.6,0.8,False,0.2,0.6,1.0,0.8,0.329585,0.2,0.191388
sciver_test_550,2409.03735v1,cv,test,3,direct,qwen3vl,qwen3vl,0.6,0.6,True,0.0,0.6,0.748571,0.4,0.0,0.2,0.322009
sciver_test_558,2410.21131v1,cv,test,3,direct,pixtral12b,kimi_vl_a3b,0.2,1.0,False,0.8,0.8,0.0,1.0,0.309507,0.2,0.370749
sciver_test_702,2411.10018v1,cv,test,3,direct,pixtral12b;kimi_vl_a3b,kimi_vl_a3b,0.8,0.8,True,0.0,0.2,0.448724,0.8,0.32279,0.8,0.962942
sciver_test_706,2410.20348v1,cv,test,3,direct,qwen3vl;pixtral12b,kimi_vl_a3b,0.4,0.8,False,0.4,0.8,0.0,0.8,0.59563,0.4,0.758012
sciver_test_749,2411.09556v1,cv,test,3,direct,qwen3vl,kimi_vl_a3b,0.6,1.0,False,0.4,1.0,0.086064,0.4,0.0,0.6,1.0
sciver_test_835,2411.12785v1,cv,test,3,direct,kimi_vl_a3b,pixtral12b,0.4,0.8,False,0.4,0.0,0.848922,0.4,0.85784,0.8,0.721023
sciver_test_844,2409.11704v1,cv,test,3,direct,qwen3vl;kimi_vl_a3b,qwen3vl,1.0,1.0,True,0.0,1.0,0.866458,0.0,0.285636,1.0,0.15998
sciver_test_877,2410.08642v1,cv,test,3,direct,qwen3vl,kimi_vl_a3b,0.8,1.0,False,0.2,1.0,0.704952,0.8,0.217805,0.8,0.881494
sciver_test_882,2409.11143v1,cv,test,3,direct,qwen3vl;kimi_vl_a3b,pixtral12b,0.6,0.8,False,0.2,0.8,0.261397,0.6,1.0,0.8,1.0
sciver_test_894,2409.04941v1,cv,test,3,direct,qwen3vl;kimi_vl_a3b,qwen3vl,1.0,1.0,True,0.0,1.0,0.552224,0.4,0.477475,1.0,0.347482
sciver_test_918,2409.15683v1,cv,test,3,direct,qwen3vl,qwen3vl,1.0,1.0,True,0.0,1.0,1.0,0.4,0.558494,0.6,1.0
sciver_test_943,2410.09300v2,cv,test,3,direct,qwen3vl,pixtral12b,0.2,1.0,False,0.8,1.0,0.0,0.2,0.199749,0.6,0.014549
sciver_test_955,2410.23168v1,cv,test,3,direct,qwen3vl,qwen3vl,0.8,0.8,True,0.0,0.8,0.557505,0.2,0.526569,0.6,0.54617
sciver_test_958,2410.16597v1,cv,test,3,direct,qwen3vl,kimi_vl_a3b,0.2,0.6,False,0.4,0.6,0.662747,0.0,0.876717,0.2,0.932917
sciver_val_24,2411.10924v1,cv,val,3,analytical,pixtral12b;kimi_vl_a3b,pixtral12b,0.8,0.8,True,0.0,0.0,0.0,0.8,0.672852,0.8,0.172522
sciver_val_51,2409.20332v1,cv,val,3,analytical,kimi_vl_a3b,qwen3vl,0.8,1.0,False,0.2,0.8,1.0,0.8,0.619525,1.0,0.18575
sciver_val_79,2410.09635v1,cv,val,3,analytical,pixtral12b,qwen3vl,0.4,0.8,False,0.4,0.4,1.0,0.8,0.0,0.6,0.320645
sciver_val_126,2410.05522v1,cv,val,3,analytical,qwen3vl,kimi_vl_a3b,0.4,1.0,False,0.6,1.0,0.0,0.8,0.128178,0.4,0.149869
sciver_val_143,2411.09410v2,cv,val,3,analytical,qwen3vl,kimi_vl_a3b,0.8,1.0,False,0.2,1.0,0.630362,0.2,0.633896,0.8,0.877038
sciver_val_157,2409.20002v2,cv,val,3,analytical,qwen3vl,qwen3vl,1.0,1.0,True,0.0,1.0,1.0,0.0,0.0,0.6,0.543122
sciver_val_165,2409.08980v1,cv,val,3,analytical,kimi_vl_a3b,qwen3vl,0.4,0.8,False,0.4,0.4,0.442693,0.2,0.0,0.8,0.0
sciver_val_182,2411.05966v1,cv,val,3,analytical,qwen3vl,kimi_vl_a3b,0.8,1.0,False,0.2,1.0,0.779377,0.8,0.776366,0.8,1.0
sciver_val_189,2411.05867v1,cv,val,3,analytical,qwen3vl,kimi_vl_a3b,0.2,0.6,False,0.4,0.6,0.776702,0.2,0.309169,0.2,0.92657
sciver_val_233,2409.01788v1,cv,val,3,analytical,qwen3vl,pixtral12b,0.0,1.0,False,1.0,1.0,0.331379,0.0,0.365594,0.8,0.0
sciver_val_259,2411.14751v1,cv,val,3,direct,pixtral12b;kimi_vl_a3b,pixtral12b,0.4,0.4,True,0.0,0.0,0.536509,0.4,0.554192,0.4,0.060926
sciver_val_268,2411.05966v1,cv,val,3,direct,qwen3vl;pixtral12b;kimi_vl_a3b,kimi_vl_a3b,0.0,0.0,True,0.0,0.0,0.617736,0.0,0.154409,0.0,0.7088
sciver_val_286,2411.10924v1,cv,val,3,direct,pixtral12b,kimi_vl_a3b,0.0,0.6,False,0.6,0.0,0.672586,0.6,0.277864,0.0,1.0
sciver_val_303,2409.15139v2,cv,val,3,direct,pixtral12b,pixtral12b,0.8,0.8,True,0.0,0.4,0.0,0.8,0.822167,0.6,0.526635
sciver_val_313,2410.13842v1,cv,val,3,direct,pixtral12b,pixtral12b,1.0,1.0,True,0.0,0.8,0.344732,1.0,0.919532,0.0,0.102819
sciver_val_351,2409.10343v1,cv,val,3,direct,pixtral12b,kimi_vl_a3b,0.0,0.6,False,0.6,0.4,0.0,0.6,0.279742,0.0,1.0
sciver_val_365,2411.00049v1,cv,val,3,direct,qwen3vl,qwen3vl,0.8,0.8,True,0.0,0.8,1.0,0.6,0.169568,0.0,0.280032
sciver_val_379,2409.20332v1,cv,val,3,direct,qwen3vl,qwen3vl,0.8,0.8,True,0.0,0.8,0.767678,0.6,0.7363,0.0,0.089766
sciver_val_408,2411.03363v1,cv,val,3,direct,kimi_vl_a3b,qwen3vl,0.2,0.6,False,0.4,0.2,0.616549,0.0,0.0,0.6,0.47287
sciver_val_437,2410.05522v1,cv,val,3,direct,kimi_vl_a3b,pixtral12b,0.8,1.0,False,0.2,0.8,0.075278,0.8,0.829733,1.0,0.31536
sciver_val_447,2410.06905v2,cv,val,3,direct,pixtral12b,qwen3vl,0.0,0.2,False,0.2,0.0,0.971835,0.2,0.209432,0.0,0.770555
sciver_val_495,2409.02719v1,cv,val,3,direct,qwen3vl,kimi_vl_a3b,0.2,1.0,False,0.8,1.0,0.540362,0.4,0.0,0.2,0.745252
sciver_test_66,2409.04384v1,cv,test,4,analytical,pixtral12b;kimi_vl_a3b,kimi_vl_a3b,0.8,0.8,True,0.0,0.6,0.431624,0.8,0.629984,0.8,0.919927
sciver_test_74,2409.03904v1,cv,test,4,analytical,kimi_vl_a3b,kimi_vl_a3b,0.8,0.8,True,0.0,0.6,0.648677,0.2,0.820101,0.8,0.837201
sciver_test_79,2411.10213v1,cv,test,4,analytical,pixtral12b;kimi_vl_a3b,pixtral12b,1.0,1.0,True,0.0,0.6,0.672261,1.0,0.859602,1.0,0.0
sciver_test_115,2410.07484v2,cv,test,4,analytical,kimi_vl_a3b,kimi_vl_a3b,1.0,1.0,True,0.0,0.8,0.159046,0.8,0.266307,1.0,0.87913
sciver_test_121,2411.15799v1,cv,test,4,analytical,pixtral12b;kimi_vl_a3b,pixtral12b,1.0,1.0,True,0.0,0.4,0.640879,1.0,0.697723,1.0,0.472834
sciver_test_132,2411.12845v1,cv,test,4,analytical,qwen3vl;pixtral12b,kimi_vl_a3b,0.6,1.0,False,0.4,1.0,0.740921,1.0,0.48663,0.6,0.79353
sciver_test_160,2411.01494v1,cv,test,4,analytical,pixtral12b,pixtral12b,0.4,0.4,True,0.0,0.0,0.511653,0.4,1.0,0.2,0.13643
sciver_test_174,2410.21329v1,cv,test,4,analytical,pixtral12b;kimi_vl_a3b,pixtral12b,0.8,0.8,True,0.0,0.0,0.0,0.8,0.964083,0.8,0.436547
sciver_test_180,2410.18069v1,cv,test,4,analytical,pixtral12b;kimi_vl_a3b,pixtral12b,0.4,0.4,True,0.0,0.0,0.141651,0.4,1.0,0.4,0.11241
sciver_test_188,2411.03445v1,cv,test,4,analytical,pixtral12b,kimi_vl_a3b,0.4,1.0,False,0.6,0.6,0.684506,1.0,0.405525,0.4,0.876862
sciver_test_194,2410.05468v2,cv,test,4,analytical,qwen3vl;kimi_vl_a3b,qwen3vl,1.0,1.0,True,0.0,1.0,1.0,0.4,0.018898,1.0,0.458905
sciver_test_290,2409.17531v2,cv,test,4,analytical,qwen3vl,pixtral12b,0.2,0.8,False,0.6,0.8,0.708546,0.2,1.0,0.4,0.536686
sciver_test_331,2410.18555v1,cv,test,4,analytical,kimi_vl_a3b,kimi_vl_a3b,1.0,1.0,True,0.0,0.6,0.582257,0.0,0.818086,1.0,1.0
sciver_test_346,2409.11395v1,cv,test,4,analytical,qwen3vl,kimi_vl_a3b,0.2,0.8,False,0.6,0.8,0.0,0.2,0.050475,0.2,0.188016
sciver_test_398,2409.10502v1,cv,test,4,analytical,qwen3vl;pixtral12b;kimi_vl_a3b,qwen3vl,0.2,0.2,True,0.0,0.2,0.980716,0.2,0.514737,0.2,0.765648
sciver_test_417,2410.20297v1,cv,test,4,analytical,qwen3vl,qwen3vl,1.0,1.0,True,0.0,1.0,1.0,0.4,0.0,0.6,0.475907
sciver_test_432,2409.02292v1,cv,test,4,analytical,qwen3vl;kimi_vl_a3b,kimi_vl_a3b,1.0,1.0,True,0.0,1.0,0.600571,0.6,0.0,1.0,1.0
sciver_test_518,2411.06096v1,cv,test,4,direct,pixtral12b,qwen3vl,0.0,0.8,False,0.8,0.0,1.0,0.8,0.350566,0.0,0.573228
sciver_test_522,2409.14337v2,cv,test,4,direct,pixtral12b,kimi_vl_a3b,0.0,0.2,False,0.2,0.0,0.0,0.2,0.510545,0.0,0.650079
sciver_test_631,2411.15819v1,cv,test,4,direct,qwen3vl;pixtral12b,qwen3vl,1.0,1.0,True,0.0,1.0,0.941499,1.0,0.818149,0.0,0.865608
sciver_test_656,2411.00112v1,cv,test,4,direct,pixtral12b,qwen3vl,0.2,0.4,False,0.2,0.2,0.647517,0.4,0.310501,0.2,0.445953
sciver_test_665,2411.14880v1,cv,test,4,direct,pixtral12b,qwen3vl,0.0,0.8,False,0.8,0.0,1.0,0.8,0.457174,0.0,0.0
sciver_test_694,2410.10442v1,cv,test,4,direct,pixtral12b,pixtral12b,0.6,0.6,True,0.0,0.0,0.408939,0.6,0.820907,0.2,0.354271
sciver_test_722,2409.03904v1,cv,test,4,direct,pixtral12b,kimi_vl_a3b,0.6,1.0,False,0.4,0.4,0.179449,1.0,0.485698,0.6,1.0
sciver_test_726,2411.10213v1,cv,test,4,direct,qwen3vl;kimi_vl_a3b,qwen3vl,1.0,1.0,True,0.0,1.0,0.96595,0.8,0.483699,1.0,0.935846
sciver_test_739,2411.07050v1,cv,test,4,direct,qwen3vl,qwen3vl,0.8,0.8,True,0.0,0.8,1.0,0.6,0.0,0.0,0.0
sciver_test_746,2409.06280v1,cv,test,4,direct,qwen3vl;kimi_vl_a3b,kimi_vl_a3b,1.0,1.0,True,0.0,1.0,0.557146,0.6,0.680713,1.0,1.0
sciver_test_760,2410.07484v2,cv,test,4,direct,qwen3vl;kimi_vl_a3b,kimi_vl_a3b,0.8,0.8,True,0.0,0.8,0.0,0.2,0.302561,0.8,0.351852
sciver_test_766,2411.15799v1,cv,test,4,direct,qwen3vl;kimi_vl_a3b,qwen3vl,1.0,1.0,True,0.0,1.0,1.0,0.2,0.411997,1.0,0.561296
sciver_test_787,2409.11176v1,cv,test,4,direct,qwen3vl;kimi_vl_a3b,qwen3vl,0.6,0.6,True,0.0,0.6,0.0,0.2,0.0,0.6,0.0
sciver_test_816,2410.05468v2,cv,test,4,direct,qwen3vl,kimi_vl_a3b,0.6,0.8,False,0.2,0.8,0.0,0.2,0.0,0.6,0.306414
sciver_test_912,2410.06992v2,cv,test,4,direct,kimi_vl_a3b,pixtral12b,0.0,0.6,False,0.6,0.4,0.786629,0.0,0.905656,0.6,0.085769
sciver_test_925,2409.11395v1,cv,test,4,direct,qwen3vl,qwen3vl,0.6,0.6,True,0.0,0.6,0.539443,0.0,0.391813,0.4,0.198994
sciver_test_949,2409.08056v1,cv,test,4,direct,pixtral12b;kimi_vl_a3b,pixtral12b,0.6,0.6,True,0.0,0.0,0.149221,0.6,0.738864,0.6,0.164495
sciver_test_964,2409.02292v1,cv,test,4,direct,qwen3vl,qwen3vl,0.8,0.8,True,0.0,0.8,1.0,0.2,0.652791,0.6,0.558564
sciver_val_23,2411.06018v1,cv,val,4,analytical,pixtral12b;kimi_vl_a3b,pixtral12b,0.6,0.6,True,0.0,0.0,0.066952,0.6,0.959329,0.6,0.0
sciver_val_84,2409.01490v1,cv,val,4,analytical,kimi_vl_a3b,kimi_vl_a3b,1.0,1.0,True,0.0,0.8,0.053267,0.8,0.911014,1.0,1.0
sciver_val_102,2409.16657v1,cv,val,4,analytical,qwen3vl,pixtral12b,0.6,1.0,False,0.4,1.0,0.0,0.6,1.0,0.6,1.0
sciver_val_135,2411.01076v2,cv,val,4,analytical,qwen3vl,kimi_vl_a3b,0.0,0.2,False,0.2,0.2,0.540477,0.0,0.786707,0.0,0.812427
sciver_val_141,2410.22938v2,cv,val,4,analytical,qwen3vl;pixtral12b,pixtral12b,1.0,1.0,True,0.0,1.0,0.469948,1.0,1.0,0.6,0.362265
sciver_val_172,2411.09903v1,cv,val,4,analytical,qwen3vl,qwen3vl,0.2,0.2,True,0.0,0.2,0.533492,0.0,0.0,0.0,0.047657
sciver_val_200,2411.18373v1,cv,val,4,analytical,pixtral12b;kimi_vl_a3b,pixtral12b,0.2,0.2,True,0.0,0.0,0.021444,0.2,0.28056,0.2,0.0
sciver_val_234,2409.04557v1,cv,val,4,analytical,qwen3vl,kimi_vl_a3b,0.0,1.0,False,1.0,1.0,0.025054,0.2,0.073763,0.0,0.322421
sciver_val_249,2410.16215v1,cv,val,4,analytical,qwen3vl,kimi_vl_a3b,0.0,1.0,False,1.0,1.0,0.32485,0.0,0.496629,0.0,0.528762
sciver_val_258,2410.02674v1,cv,val,4,direct,pixtral12b,kimi_vl_a3b,0.6,0.8,False,0.2,0.0,0.575366,0.8,0.0,0.6,0.860695
sciver_val_269,2410.04927v2,cv,val,4,direct,qwen3vl,pixtral12b,0.4,0.6,False,0.2,0.6,0.0,0.4,0.491363,0.0,0.12063
sciver_val_285,2411.06018v1,cv,val,4,direct,qwen3vl,pixtral12b,0.6,0.8,False,0.2,0.8,0.531354,0.6,1.0,0.0,0.634415
sciver_val_304,2411.18373v1,cv,val,4,direct,kimi_vl_a3b,pixtral12b,0.6,1.0,False,0.4,0.2,0.0,0.6,0.721728,1.0,0.0
sciver_val_336,2409.17134v1,cv,val,4,direct,qwen3vl;pixtral12b,qwen3vl,0.4,0.4,True,0.0,0.4,0.721491,0.4,0.415907,0.0,0.152023
sciver_val_369,2410.15592v2,cv,val,4,direct,qwen3vl;pixtral12b,qwen3vl,1.0,1.0,True,0.0,1.0,1.0,1.0,0.530105,0.2,0.370042
sciver_val_389,2411.17181v2,cv,val,4,direct,qwen3vl;kimi_vl_a3b,kimi_vl_a3b,0.6,0.6,True,0.0,0.6,0.29748,0.4,0.88027,0.6,1.0
sciver_val_415,2409.16657v1,cv,val,4,direct,kimi_vl_a3b,pixtral12b,0.2,0.8,False,0.6,0.6,0.119951,0.2,1.0,0.8,0.0
sciver_val_444,2411.01076v2,cv,val,4,direct,qwen3vl,kimi_vl_a3b,0.4,1.0,False,0.6,1.0,0.625443,0.2,0.492697,0.4,0.725174
sciver_val_449,2410.22938v2,cv,val,4,direct,qwen3vl,qwen3vl,1.0,1.0,True,0.0,1.0,0.851151,0.8,0.487908,0.6,0.23253
sciver_val_465,2411.09443v1,cv,val,4,direct,kimi_vl_a3b,qwen3vl,0.8,1.0,False,0.2,0.8,1.0,0.2,1.0,1.0,0.0
sciver_val_477,2411.09903v1,cv,val,4,direct,kimi_vl_a3b,pixtral12b,0.0,0.8,False,0.8,0.4,0.420461,0.0,0.836659,0.8,0.78916
sciver_val_503,2410.16215v1,cv,val,4,direct,qwen3vl,pixtral12b,0.0,0.8,False,0.8,0.8,0.0,0.0,0.342079,0.6,0.033538
sciver_test_53,2411.05608v1,cv,test,5,analytical,qwen3vl,qwen3vl,0.8,0.8,True,0.0,0.8,0.844184,0.6,0.01939,0.6,0.290816
sciver_test_62,2410.04797v1,cv,test,5,analytical,kimi_vl_a3b,pixtral12b,0.6,0.8,False,0.2,0.4,0.756998,0.6,0.95429,0.8,0.765974
sciver_test_76,2410.07196v1,cv,test,5,analytical,pixtral12b,qwen3vl,0.0,0.8,False,0.8,0.0,1.0,0.8,0.119939,0.2,0.0
sciver_test_88,2411.07393v1,cv,test,5,analytical,qwen3vl;kimi_vl_a3b,kimi_vl_a3b,1.0,1.0,True,0.0,1.0,0.837629,0.8,0.395448,1.0,1.0
sciver_test_92,2409.15552v1,cv,test,5,analytical,pixtral12b,kimi_vl_a3b,0.6,0.8,False,0.2,0.2,0.315133,0.8,0.884451,0.6,0.98653
sciver_test_95,2410.19218v1,cv,test,5,analytical,kimi_vl_a3b,pixtral12b,0.8,1.0,False,0.2,0.6,0.0,0.8,0.955216,1.0,0.603247
sciver_test_99,2410.22543v1,cv,test,5,analytical,pixtral12b,qwen3vl,0.0,0.8,False,0.8,0.0,0.754493,0.8,0.111399,0.6,0.659222
sciver_test_103,2410.11378v1,cv,test,5,analytical,pixtral12b;kimi_vl_a3b,qwen3vl,0.0,0.6,False,0.6,0.0,0.521164,0.6,0.308307,0.6,0.462658
sciver_test_165,2411.01030v3,cv,test,5,analytical,pixtral12b,qwen3vl,0.0,0.8,False,0.8,0.0,0.986616,0.8,0.329295,0.6,0.982591
sciver_test_192,2409.06801v1,cv,test,5,analytical,pixtral12b,pixtral12b,0.6,0.6,True,0.0,0.4,0.0,0.6,0.682621,0.2,0.0
sciver_test_197,2411.09726v2,cv,test,5,analytical,kimi_vl_a3b,qwen3vl,0.0,1.0,False,1.0,0.0,1.0,0.8,0.0,1.0,0.325486
sciver_test_221,2411.15060v1,cv,test,5,analytical,qwen3vl;kimi_vl_a3b,qwen3vl,0.8,0.8,True,0.0,0.8,0.934921,0.6,0.0,0.8,0.411824
sciver_test_271,2410.06971v2,cv,test,5,analytical,qwen3vl;kimi_vl_a3b,qwen3vl,1.0,1.0,True,0.0,1.0,0.895264,0.2,0.0,1.0,0.23991
sciver_test_287,2411.01603v1,cv,test,5,analytical,kimi_vl_a3b,qwen3vl,0.0,0.2,False,0.2,0.0,0.743372,0.0,0.180349,0.2,0.47179
sciver_test_292,2411.10060v1,cv,test,5,analytical,qwen3vl;kimi_vl_a3b,kimi_vl_a3b,0.2,0.2,True,0.0,0.2,0.483986,0.0,0.637717,0.2,0.99103
sciver_test_313,2409.19764v2,cv,test,5,analytical,qwen3vl,kimi_vl_a3b,0.2,1.0,False,0.8,1.0,0.742467,0.6,0.724074,0.2,1.0
sciver_test_315,2410.20335v1,cv,test,5,analytical,qwen3vl,qwen3vl,1.0,1.0,True,0.0,1.0,0.806047,0.4,0.215409,0.0,0.125406
sciver_test_382,2411.11293v1,cv,test,5,analytical,kimi_vl_a3b,kimi_vl_a3b,0.6,0.6,True,0.0,0.0,0.4759,0.2,0.553706,0.6,1.0
sciver_test_388,2410.15658v2,cv,test,5,analytical,kimi_vl_a3b,qwen3vl,0.8,1.0,False,0.2,0.8,1.0,0.2,0.861832,1.0,0.88266
sciver_test_519,2411.11293v1,cv,test,5,direct,pixtral12b,kimi_vl_a3b,0.4,0.6,False,0.2,0.0,0.493574,0.6,0.646535,0.4,1.0
sciver_test_539,2409.10570v1,cv,test,5,direct,pixtral12b;kimi_vl_a3b,pixtral12b,0.6,0.6,True,0.0,0.2,0.469927,0.6,0.600908,0.6,0.229947
sciver_test_664,2410.09504v1,cv,test,5,direct,pixtral12b,qwen3vl,0.4,0.8,False,0.4,0.4,0.989726,0.8,0.902141,0.0,0.5045
sciver_test_708,2411.05608v1,cv,test,5,direct,kimi_vl_a3b,qwen3vl,0.0,0.8,False,0.8,0.0,1.0,0.4,0.394186,0.8,0.223334
sciver_test_724,2410.07196v1,cv,test,5,direct,qwen3vl;pixtral12b,qwen3vl,0.6,0.6,True,0.0,0.6,1.0,0.6,0.761029,0.0,0.0
sciver_test_737,2411.15865v1,cv,test,5,direct,qwen3vl,pixtral12b,0.6,1.0,False,0.4,1.0,0.534627,0.6,0.827683,0.4,0.0
sciver_test_743,2410.22543v1,cv,test,5,direct,qwen3vl;kimi_vl_a3b,kimi_vl_a3b,0.4,0.4,True,0.0,0.4,0.0,0.2,0.135138,0.4,0.189083
sciver_test_747,2410.11378v1,cv,test,5,direct,kimi_vl_a3b,kimi_vl_a3b,0.8,0.8,True,0.0,0.2,0.148094,0.6,0.51017,0.8,1.0
sciver_test_798,2411.01030v3,cv,test,5,direct,kimi_vl_a3b,qwen3vl,0.0,0.4,False,0.4,0.0,1.0,0.0,0.577268,0.4,0.190298
sciver_test_799,2409.01971v1,cv,test,5,direct,qwen3vl;kimi_vl_a3b,kimi_vl_a3b,1.0,1.0,True,0.0,1.0,0.801477,0.6,0.817117,1.0,0.882871
sciver_test_800,2409.11531v1,cv,test,5,direct,qwen3vl,pixtral12b,0.2,0.6,False,0.4,0.6,0.365586,0.2,1.0,0.2,0.328123
sciver_test_801,2409.19136v1,cv,test,5,direct,kimi_vl_a3b,kimi_vl_a3b,0.6,0.6,True,0.0,0.4,0.361253,0.2,0.10638,0.6,1.0
sciver_test_814,2411.06171v1,cv,test,5,direct,qwen3vl;kimi_vl_a3b,kimi_vl_a3b,1.0,1.0,True,0.0,1.0,0.810596,0.6,0.171525,1.0,1.0
sciver_test_884,2411.10060v1,cv,test,5,direct,qwen3vl,qwen3vl,1.0,1.0,True,0.0,1.0,0.97466,0.4,0.921715,0.6,0.0
sciver_test_889,2411.12892v1,cv,test,5,direct,qwen3vl,qwen3vl,1.0,1.0,True,0.0,1.0,1.0,0.4,0.0,0.4,0.133372
sciver_test_897,2409.01295v2,cv,test,5,direct,qwen3vl,qwen3vl,1.0,1.0,True,0.0,1.0,0.356731,0.2,0.0,0.0,0.0
sciver_test_901,2409.11460v1,cv,test,5,direct,qwen3vl,kimi_vl_a3b,0.0,0.6,False,0.6,0.6,0.829163,0.0,0.759575,0.0,0.847092
sciver_test_986,2409.17504v1,cv,test,5,direct,qwen3vl;kimi_vl_a3b,kimi_vl_a3b,1.0,1.0,True,0.0,1.0,0.645582,0.4,0.219656,1.0,1.0
sciver_val_5,2410.15939v1,cv,val,5,analytical,kimi_vl_a3b,pixtral12b,0.8,1.0,False,0.2,0.0,0.196454,0.8,0.764316,1.0,0.740563
sciver_val_6,2410.09982v3,cv,val,5,analytical,qwen3vl,qwen3vl,1.0,1.0,True,0.0,1.0,1.0,0.8,0.07779,0.4,0.903041
sciver_val_92,2411.00311v1,cv,val,5,analytical,kimi_vl_a3b,pixtral12b,0.6,1.0,False,0.4,0.0,0.0,0.6,0.689285,1.0,0.106322
sciver_val_103,2409.07162v2,cv,val,5,analytical,pixtral12b,qwen3vl,0.2,0.8,False,0.6,0.2,0.921913,0.8,0.693701,0.4,0.900107
sciver_val_115,2411.07140v2,cv,val,5,analytical,pixtral12b,pixtral12b,0.8,0.8,True,0.0,0.0,0.276686,0.8,0.773795,0.6,0.076206
sciver_val_119,2409.04290v1,cv,val,5,analytical,qwen3vl;pixtral12b,pixtral12b,1.0,1.0,True,0.0,1.0,0.417947,1.0,1.0,0.6,0.592733
sciver_val_178,2409.02418v1,cv,val,5,analytical,qwen3vl;pixtral12b,kimi_vl_a3b,0.0,0.2,False,0.2,0.2,0.441487,0.2,0.226556,0.0,0.990231
sciver_val_225,2409.12946v1,cv,val,5,analytical,qwen3vl;kimi_vl_a3b,qwen3vl,0.2,0.2,True,0.0,0.2,0.773551,0.0,0.039134,0.2,0.0
sciver_val_232,2410.21759v2,cv,val,5,analytical,qwen3vl;kimi_vl_a3b,pixtral12b,0.2,1.0,False,0.8,1.0,0.897114,0.2,0.981218,1.0,0.095975
sciver_val_272,2411.06866v1,cv,val,5,direct,qwen3vl;kimi_vl_a3b,pixtral12b,0.0,0.2,False,0.2,0.2,0.254771,0.0,1.0,0.2,0.0
sciver_val_283,2410.11676v2,cv,val,5,direct,pixtral12b;kimi_vl_a3b,qwen3vl,0.4,0.6,False,0.2,0.4,0.668425,0.6,0.006592,0.6,0.53381
sciver_val_343,2410.15939v1,cv,val,5,direct,pixtral12b,kimi_vl_a3b,0.2,1.0,False,0.8,0.2,0.255687,1.0,0.0,0.2,0.583714
sciver_val_344,2410.09982v3,cv,val,5,direct,qwen3vl,kimi_vl_a3b,0.2,0.6,False,0.4,0.6,0.203891,0.2,0.22362,0.2,0.370142
sciver_val_416,2409.07162v2,cv,val,5,direct,qwen3vl,qwen3vl,1.0,1.0,True,0.0,1.0,1.0,0.0,0.484364,0.6,0.735765
sciver_val_429,2411.07140v2,cv,val,5,direct,kimi_vl_a3b,pixtral12b,0.4,0.8,False,0.4,0.6,0.293543,0.4,0.64968,0.8,0.573761
sciver_val_430,2409.04290v1,cv,val,5,direct,qwen3vl;kimi_vl_a3b,kimi_vl_a3b,1.0,1.0,True,0.0,1.0,0.223639,0.4,0.278881,1.0,0.519203
sciver_val_462,2411.17502v1,cv,val,5,direct,pixtral12b;kimi_vl_a3b,pixtral12b,0.8,0.8,True,0.0,0.6,0.825111,0.8,0.840398,0.8,0.084674
sciver_val_466,2411.03788v1,cv,val,5,direct,qwen3vl,kimi_vl_a3b,0.6,1.0,False,0.4,1.0,0.0,0.0,0.395352,0.6,0.56192
sciver_val_481,2409.02418v1,cv,val,5,direct,kimi_vl_a3b,pixtral12b,0.2,1.0,False,0.8,0.0,0.330769,0.2,0.616504,1.0,0.369476
sciver_val_496,2409.00471v2,cv,val,5,direct,pixtral12b,pixtral12b,0.2,0.2,True,0.0,0.0,0.319947,0.2,1.0,0.0,0.213304
sciver_test_39,2410.02401v5,cv,test,6,analytical,pixtral12b,qwen3vl,0.0,0.8,False,0.8,0.0,0.838686,0.8,0.287918,0.2,0.355773
sciver_test_47,2409.01672v2,cv,test,6,analytical,pixtral12b,kimi_vl_a3b,0.4,1.0,False,0.6,0.6,0.073955,1.0,0.187153,0.4,0.85279
sciver_test_116,2410.05053v1,cv,test,6,analytical,kimi_vl_a3b,kimi_vl_a3b,1.0,1.0,True,0.0,0.6,0.659268,0.8,0.048899,1.0,0.722555
sciver_test_118,2411.09850v1,cv,test,6,analytical,pixtral12b,qwen3vl,0.4,1.0,False,0.6,0.4,0.924519,1.0,0.769668,0.8,0.69459
sciver_test_127,2409.09641v2,cv,test,6,analytical,qwen3vl;kimi_vl_a3b,pixtral12b,0.6,1.0,False,0.4,1.0,0.242543,0.6,0.545475,1.0,0.437465
sciver_test_138,2411.07517v1,cv,test,6,analytical,qwen3vl;kimi_vl_a3b,qwen3vl,1.0,1.0,True,0.0,1.0,0.568993,0.8,0.289004,1.0,0.542441
sciver_test_187,2409.04846v1,cv,test,6,analytical,pixtral12b,pixtral12b,1.0,1.0,True,0.0,0.0,0.0,1.0,0.881063,0.4,0.593354
sciver_test_202,2410.10289v1,cv,test,6,analytical,pixtral12b,qwen3vl,0.2,1.0,False,0.8,0.2,0.802794,1.0,0.079893,0.6,0.299678
sciver_test_205,2410.10177v1,cv,test,6,analytical,pixtral12b;kimi_vl_a3b,qwen3vl,0.4,0.8,False,0.4,0.4,1.0,0.8,0.516665,0.8,1.0
sciver_test_207,2409.13175v1,cv,test,6,analytical,pixtral12b,pixtral12b,1.0,1.0,True,0.0,0.4,0.610039,1.0,0.802601,0.8,0.620896
sciver_test_208,2409.04257v1,cv,test,6,analytical,pixtral12b;kimi_vl_a3b,pixtral12b,0.6,0.6,True,0.0,0.2,0.390114,0.6,0.46527,0.6,0.21872
sciver_test_228,2409.02120v1,cv,test,6,analytical,qwen3vl,pixtral12b,0.6,0.8,False,0.2,0.8,0.751934,0.6,1.0,0.2,0.519832
sciver_test_261,2409.10756v1,cv,test,6,analytical,qwen3vl,kimi_vl_a3b,0.8,1.0,False,0.2,1.0,0.594652,0.6,0.105991,0.8,0.778024
sciver_test_317,2411.00848v1,cv,test,6,analytical,pixtral12b,qwen3vl,0.0,0.4,False,0.4,0.0,1.0,0.4,0.51747,0.0,0.841381
sciver_test_438,2410.15632v1,cv,test,6,analytical,qwen3vl,kimi_vl_a3b,0.4,1.0,False,0.6,1.0,0.7254,0.0,0.186,0.4,0.842318
sciver_test_461,2410.10723v1,cv,test,6,analytical,qwen3vl;pixtral12b;kimi_vl_a3b,qwen3vl,0.4,0.4,True,0.0,0.4,0.93305,0.4,0.40864,0.4,0.034281
sciver_test_473,2409.05923v1,cv,test,6,analytical,kimi_vl_a3b,kimi_vl_a3b,0.6,0.6,True,0.0,0.2,0.570652,0.0,0.0,0.6,0.893525
sciver_test_495,2410.04203v1,cv,test,6,direct,pixtral12b,pixtral12b,0.4,0.4,True,0.0,0.0,0.631875,0.4,0.677901,0.2,0.195995
sciver_test_500,2409.19351v1,cv,test,6,direct,qwen3vl,pixtral12b,0.2,0.6,False,0.4,0.6,0.669709,0.2,0.920012,0.0,0.496814
sciver_test_505,2409.04257v1,cv,test,6,direct,qwen3vl;pixtral12b,qwen3vl,0.2,0.2,True,0.0,0.2,0.002017,0.2,0.0,0.0,0.0
sciver_test_542,2410.02762v1,cv,test,6,direct,qwen3vl;pixtral12b,kimi_vl_a3b,0.0,0.6,False,0.6,0.6,0.316832,0.6,0.373943,0.0,0.69253
sciver_test_562,2410.20399v1,cv,test,6,direct,qwen3vl;pixtral12b,qwen3vl,1.0,1.0,True,0.0,1.0,0.854686,1.0,0.562388,0.2,0.188636
sciver_test_576,2411.04188v3,cv,test,6,direct,pixtral12b,qwen3vl,0.6,0.8,False,0.2,0.6,0.52227,0.8,0.197759,0.6,0.0
sciver_test_634,2409.03165v1,cv,test,6,direct,pixtral12b,kimi_vl_a3b,0.0,0.2,False,0.2,0.0,0.0,0.2,0.0,0.0,0.26724
sciver_test_670,2409.14672v1,cv,test,6,direct,qwen3vl;pixtral12b,pixtral12b,0.6,0.6,True,0.0,0.6,0.45235,0.6,0.630651,0.0,0.502626
sciver_test_698,2410.02401v5,cv,test,6,direct,qwen3vl,pixtral12b,0.8,1.0,False,0.2,1.0,0.0,0.8,0.976418,0.4,0.736214
sciver_test_770,2409.09641v2,cv,test,6,direct,qwen3vl,pixtral12b,0.2,0.6,False,0.4,0.6,0.726208,0.2,0.799446,0.2,0.464577
sciver_test_793,2411.01711v1,cv,test,6,direct,pixtral12b,qwen3vl,0.4,0.8,False,0.4,0.4,1.0,0.8,0.0,0.4,0.025331
sciver_test_812,2409.04846v1,cv,test,6,direct,qwen3vl,qwen3vl,1.0,1.0,True,0.0,1.0,0.693787,0.2,0.261373,0.6,0.434716
sciver_test_824,2410.10289v1,cv,test,6,direct,qwen3vl,kimi_vl_a3b,0.4,0.8,False,0.4,0.8,0.472859,0.2,0.429074,0.4,0.569884
sciver_test_828,2410.10177v1,cv,test,6,direct,kimi_vl_a3b,pixtral12b,0.2,0.8,False,0.6,0.6,0.193814,0.2,0.954217,0.8,0.466802
sciver_test_843,2409.02120v1,cv,test,6,direct,qwen3vl;kimi_vl_a3b,qwen3vl,0.8,0.8,True,0.0,0.8,0.831924,0.0,0.471758,0.8,0.828101
sciver_test_968,2410.15632v1,cv,test,6,direct,kimi_vl_a3b,pixtral12b,0.2,0.6,False,0.4,0.4,0.125195,0.2,0.396407,0.6,0.13206
sciver_test_970,2411.12914v1,cv,test,6,direct,kimi_vl_a3b,qwen3vl,0.6,0.8,False,0.2,0.6,0.702914,0.2,0.029295,0.8,0.666401
sciver_test_975,2409.12720v1,cv,test,6,direct,qwen3vl;pixtral12b,qwen3vl,0.6,0.6,True,0.0,0.6,0.694935,0.6,0.052702,0.4,0.527759
sciver_test_983,2410.10723v1,cv,test,6,direct,kimi_vl_a3b,qwen3vl,0.2,1.0,False,0.8,0.2,1.0,0.2,0.325793,1.0,0.551172
sciver_val_0,2409.12320v1,cv,val,6,analytical,pixtral12b,pixtral12b,0.8,0.8,True,0.0,0.0,0.610443,0.8,0.62936,0.2,0.609906
sciver_val_2,2410.07073v2,cv,val,6,analytical,pixtral12b,kimi_vl_a3b,0.0,0.8,False,0.8,0.2,0.0,0.8,0.209135,0.0,0.644907
sciver_val_38,2410.22378v1,cv,val,6,analytical,kimi_vl_a3b,qwen3vl,0.4,1.0,False,0.6,0.4,1.0,0.8,0.475599,1.0,1.0
sciver_val_41,2411.18243v1,cv,val,6,analytical,pixtral12b;kimi_vl_a3b,qwen3vl,0.0,1.0,False,1.0,0.0,0.684879,1.0,0.0,1.0,0.0
sciver_val_121,2409.00163v1,cv,val,6,analytical,qwen3vl;kimi_vl_a3b,qwen3vl,1.0,1.0,True,0.0,1.0,0.840609,0.8,0.524726,1.0,0.593865
sciver_val_185,2410.16255v1,cv,val,6,analytical,qwen3vl;pixtral12b,qwen3vl,0.8,0.8,True,0.0,0.8,0.348317,0.8,0.322757,0.2,0.0
sciver_val_188,2409.06538v1,cv,val,6,analytical,qwen3vl,qwen3vl,0.2,0.2,True,0.0,0.2,1.0,0.0,0.346073,0.0,0.591453
sciver_val_215,2411.07042v1,cv,val,6,analytical,qwen3vl,kimi_vl_a3b,0.4,1.0,False,0.6,1.0,0.206061,0.0,0.396554,0.4,0.752457
sciver_val_255,2410.00366v1,cv,val,6,analytical,kimi_vl_a3b,pixtral12b,0.0,0.2,False,0.2,0.0,0.223862,0.0,0.459372,0.2,0.312913
sciver_val_273,2411.07042v1,cv,val,6,direct,pixtral12b,pixtral12b,0.4,0.4,True,0.0,0.0,0.764106,0.4,1.0,0.0,1.0
sciver_val_334,2411.15211v1,cv,val,6,direct,pixtral12b,pixtral12b,0.6,0.6,True,0.0,0.0,0.290204,0.6,0.359221,0.0,0.0
sciver_val_338,2411.15893v1,cv,val,6,direct,qwen3vl;pixtral12b,qwen3vl,0.8,0.8,True,0.0,0.8,0.764131,0.8,0.512895,0.0,0.627001
sciver_val_339,2409.12320v1,cv,val,6,direct,pixtral12b;kimi_vl_a3b,qwen3vl,0.6,0.8,False,0.2,0.6,1.0,0.8,0.363723,0.8,0.78788
sciver_val_352,2410.22387v1,cv,val,6,direct,pixtral12b,pixtral12b,0.6,0.6,True,0.0,0.4,0.0,0.6,1.0,0.4,0.0
sciver_val_354,2410.21813v1,cv,val,6,direct,pixtral12b,pixtral12b,1.0,1.0,True,0.0,0.8,0.280218,1.0,0.694685,0.0,0.094072
sciver_val_355,2410.12049v1,cv,val,6,direct,pixtral12b,pixtral12b,0.8,0.8,True,0.0,0.0,0.947672,0.8,1.0,0.2,0.272442
sciver_val_367,2410.22378v1,cv,val,6,direct,qwen3vl;pixtral12b;kimi_vl_a3b,pixtral12b,0.6,0.6,True,0.0,0.6,0.717729,0.6,0.848848,0.6,0.833305
sciver_val_405,2409.11428v1,cv,val,6,direct,kimi_vl_a3b,qwen3vl,0.2,1.0,False,0.8,0.2,1.0,0.4,0.229028,1.0,0.105321
sciver_val_432,2409.00163v1,cv,val,6,direct,qwen3vl,kimi_vl_a3b,0.8,1.0,False,0.2,1.0,0.651508,0.6,0.576126,0.8,0.912823
sciver_val_492,2411.06356v1,cv,val,6,direct,kimi_vl_a3b,qwen3vl,0.2,0.8,False,0.6,0.2,0.962584,0.4,0.313372,0.8,0.733171
sciver_val_498,2411.11641v2,cv,val,6,direct,pixtral12b,pixtral12b,0.6,0.6,True,0.0,0.2,0.085016,0.6,0.730616,0.4,0.581019
sciver_test_3,2411.15223v1,cv,test,7,analytical,pixtral12b;kimi_vl_a3b,kimi_vl_a3b,0.8,0.8,True,0.0,0.2,0.822928,0.8,0.367658,0.8,1.0
sciver_test_31,2411.01021v1,cv,test,7,analytical,kimi_vl_a3b,kimi_vl_a3b,1.0,1.0,True,0.0,0.0,0.092561,0.2,0.315536,1.0,1.0
sciver_test_122,2409.04043v1,cv,test,7,analytical,qwen3vl;pixtral12b,kimi_vl_a3b,0.8,1.0,False,0.2,1.0,0.083728,1.0,0.025719,0.8,0.639864
sciver_test_130,2411.07504v1,cv,test,7,analytical,pixtral12b,pixtral12b,1.0,1.0,True,0.0,0.0,0.578531,1.0,1.0,0.8,0.505038
sciver_test_178,2411.16506v1,cv,test,7,analytical,pixtral12b;kimi_vl_a3b,kimi_vl_a3b,0.6,0.6,True,0.0,0.4,0.32469,0.6,0.006944,0.6,0.659869
sciver_test_196,2409.04766v1,cv,test,7,analytical,pixtral12b,kimi_vl_a3b,0.8,1.0,False,0.2,0.0,0.0,1.0,0.274382,0.8,1.0
sciver_test_212,2410.22015v1,cv,test,7,analytical,kimi_vl_a3b,kimi_vl_a3b,0.8,0.8,True,0.0,0.6,0.0,0.4,0.73525,0.8,1.0
sciver_test_341,2409.05790v1,cv,test,7,analytical,qwen3vl,pixtral12b,0.0,0.6,False,0.6,0.6,0.850797,0.0,1.0,0.0,0.857163
sciver_test_358,2409.10775v1,cv,test,7,analytical,qwen3vl,qwen3vl,1.0,1.0,True,0.0,1.0,0.812783,0.0,0.0,0.6,0.195202
sciver_test_372,2410.02475v1,cv,test,7,analytical,qwen3vl,pixtral12b,0.8,1.0,False,0.2,1.0,0.63909,0.8,1.0,0.2,0.513824
sciver_test_434,2410.07242v1,cv,test,7,analytical,qwen3vl,kimi_vl_a3b,0.2,0.8,False,0.6,0.8,0.000733,0.0,0.180152,0.2,0.195938
sciver_test_459,2410.05295v3,cv,test,7,analytical,pixtral12b,qwen3vl,0.2,0.8,False,0.6,0.2,0.915544,0.8,0.512658,0.0,0.398631
sciver_test_463,2411.07529v1,cv,test,7,analytical,qwen3vl,qwen3vl,1.0,1.0,True,0.0,1.0,1.0,0.2,0.318719,0.8,0.130059
sciver_test_488,2411.05174v1,cv,test,7,analytical,qwen3vl,pixtral12b,0.0,1.0,False,1.0,1.0,0.56983,0.0,0.655607,0.0,0.616582
sciver_test_501,2409.04043v1,cv,test,7,direct,pixtral12b,qwen3vl,0.2,0.8,False,0.6,0.2,0.884852,0.8,0.0,0.0,0.708956
sciver_test_504,2411.16506v1,cv,test,7,direct,pixtral12b,qwen3vl,0.0,0.6,False,0.6,0.0,0.868204,0.6,0.0,0.2,0.0
sciver_test_513,2411.13694v1,cv,test,7,direct,pixtral12b,qwen3vl,0.0,0.8,False,0.8,0.0,1.0,0.8,0.592566,0.0,1.0
sciver_test_532,2410.03225v2,cv,test,7,direct,pixtral12b,pixtral12b,0.6,0.6,True,0.0,0.2,0.476289,0.6,0.685525,0.4,0.368326
sciver_test_556,2409.16016v2,cv,test,7,direct,qwen3vl;pixtral12b,kimi_vl_a3b,0.0,0.8,False,0.8,0.8,0.35019,0.8,0.163425,0.0,0.51274
sciver_test_585,2409.17455v1,cv,test,7,direct,qwen3vl;pixtral12b,qwen3vl,0.2,0.2,True,0.0,0.2,0.867381,0.2,0.482645,0.0,0.0
sciver_test_588,2409.05790v1,cv,test,7,direct,qwen3vl,pixtral12b,0.6,1.0,False,0.4,1.0,0.719558,0.6,0.818512,0.2,0.717729
sciver_test_613,2411.05174v1,cv,test,7,direct,qwen3vl,qwen3vl,0.8,0.8,True,0.0,0.8,0.757186,0.0,0.0,0.0,0.33084
sciver_test_633,2409.05840v3,cv,test,7,direct,kimi_vl_a3b,pixtral12b,0.8,1.0,False,0.2,0.0,0.73916,0.8,1.0,1.0,0.231679
sciver_test_641,2410.00049v2,cv,test,7,direct,pixtral12b,qwen3vl,0.0,0.6,False,0.6,0.0,0.578026,0.6,0.098418,0.4,0.410949
sciver_test_646,2411.10332v1,cv,test,7,direct,pixtral12b,pixtral12b,0.8,0.8,True,0.0,0.4,0.844558,0.8,1.0,0.2,0.718039
sciver_test_692,2411.01021v1,cv,test,7,direct,kimi_vl_a3b,kimi_vl_a3b,0.8,0.8,True,0.0,0.4,0.703642,0.4,0.0,0.8,1.0
sciver_test_762,2411.04093v1,cv,test,7,direct,kimi_vl_a3b,kimi_vl_a3b,0.8,0.8,True,0.0,0.0,0.639403,0.0,0.871587,0.8,1.0
sciver_test_772,2411.07504v1,cv,test,7,direct,qwen3vl;pixtral12b,qwen3vl,0.8,0.8,True,0.0,0.8,1.0,0.8,1.0,0.2,0.665783
sciver_test_818,2409.04766v1,cv,test,7,direct,qwen3vl;kimi_vl_a3b,qwen3vl,1.0,1.0,True,0.0,1.0,1.0,0.0,0.422238,1.0,0.0
sciver_test_860,2410.22269v1,cv,test,7,direct,qwen3vl,qwen3vl,1.0,1.0,True,0.0,1.0,0.766951,0.2,0.141154,0.8,0.486268
sciver_test_938,2410.02475v1,cv,test,7,direct,qwen3vl;pixtral12b,pixtral12b,1.0,1.0,True,0.0,1.0,0.002512,1.0,0.386331,0.2,0.0
sciver_test_971,2409.13221v2,cv,test,7,direct,kimi_vl_a3b,qwen3vl,0.2,0.8,False,0.6,0.2,1.0,0.2,0.0,0.8,0.805914
sciver_val_37,2411.16114v1,cv,val,7,analytical,qwen3vl,pixtral12b,0.8,1.0,False,0.2,1.0,0.0,0.8,1.0,0.8,0.0
sciver_val_63,2411.11677v1,cv,val,7,analytical,pixtral12b;kimi_vl_a3b,qwen3vl,0.2,0.8,False,0.6,0.2,0.52575,0.8,0.27661,0.8,0.480848
sciver_val_73,2411.06965v1,cv,val,7,analytical,qwen3vl,qwen3vl,1.0,1.0,True,0.0,1.0,1.0,0.8,0.207554,0.8,0.448696
sciver_val_75,2410.09850v1,cv,val,7,analytical,pixtral12b,pixtral12b,0.8,0.8,True,0.0,0.4,0.523176,0.8,0.573866,0.6,0.491411
sciver_val_87,2409.03044v1,cv,val,7,analytical,kimi_vl_a3b,kimi_vl_a3b,0.8,0.8,True,0.0,0.2,0.163982,0.6,0.425378,0.8,1.0
sciver_val_117,2410.22046v2,cv,val,7,analytical,pixtral12b;kimi_vl_a3b,pixtral12b,0.8,0.8,True,0.0,0.2,0.092234,0.8,0.623989,0.8,0.49917
sciver_val_128,2410.14508v1,cv,val,7,analytical,qwen3vl,qwen3vl,1.0,1.0,True,0.0,1.0,1.0,0.6,0.057251,0.4,0.203454
sciver_val_144,2409.10132v1,cv,val,7,analytical,qwen3vl,kimi_vl_a3b,0.4,0.8,False,0.4,0.8,0.104052,0.0,0.021534,0.4,0.228261
sciver_val_151,2410.22187v1,cv,val,7,analytical,qwen3vl;pixtral12b,pixtral12b,0.4,0.4,True,0.0,0.4,0.240332,0.4,0.875617,0.2,0.723017
sciver_val_155,2409.16745v1,cv,val,7,analytical,qwen3vl;kimi_vl_a3b,kimi_vl_a3b,1.0,1.0,True,0.0,1.0,0.0,0.4,0.0,1.0,0.019161
sciver_val_218,2409.06439v1,cv,val,7,analytical,qwen3vl,qwen3vl,1.0,1.0,True,0.0,1.0,1.0,0.6,0.930062,0.8,0.795781
sciver_val_238,2409.16670v1,cv,val,7,analytical,qwen3vl,qwen3vl,0.6,0.6,True,0.0,0.6,1.0,0.2,0.97392,0.2,0.570752
sciver_val_263,2410.22046v2,cv,val,7,direct,qwen3vl,qwen3vl,1.0,1.0,True,0.0,1.0,0.926742,0.4,0.659768,0.4,0.386772
sciver_val_315,2409.01577v1,cv,val,7,direct,pixtral12b,kimi_vl_a3b,0.0,0.6,False,0.6,0.0,0.308801,0.6,0.447173,0.0,0.645415
sciver_val_321,2410.20441v1,cv,val,7,direct,pixtral12b,pixtral12b,0.4,0.4,True,0.0,0.0,0.06222,0.4,1.0,0.0,0.264889
sciver_val_322,2411.06324v1,cv,val,7,direct,pixtral12b,pixtral12b,0.6,0.6,True,0.0,0.0,0.01284,0.6,0.952128,0.0,0.689613
sciver_val_327,2410.01623v2,cv,val,7,direct,pixtral12b;kimi_vl_a3b,pixtral12b,0.8,0.8,True,0.0,0.2,0.055089,0.8,0.932468,0.8,0.202692
sciver_val_342,2410.16617v1,cv,val,7,direct,pixtral12b,qwen3vl,0.2,0.8,False,0.6,0.2,0.682769,0.8,0.154619,0.2,0.227383
sciver_val_364,2411.00513v1,cv,val,7,direct,kimi_vl_a3b,kimi_vl_a3b,1.0,1.0,True,0.0,0.0,0.0,0.6,0.771692,1.0,0.801042
sciver_val_376,2411.18328v1,cv,val,7,direct,kimi_vl_a3b,qwen3vl,0.4,1.0,False,0.6,0.4,0.612073,0.6,0.0,1.0,0.421244
sciver_val_393,2411.06965v1,cv,val,7,direct,qwen3vl;kimi_vl_a3b,kimi_vl_a3b,1.0,1.0,True,0.0,1.0,0.843691,0.6,0.258098,1.0,1.0
sciver_val_395,2410.09850v1,cv,val,7,direct,qwen3vl,qwen3vl,1.0,1.0,True,0.0,1.0,0.945521,0.4,0.093439,0.2,0.379911
sciver_val_417,2410.12855v2,cv,val,7,direct,qwen3vl,qwen3vl,1.0,1.0,True,0.0,1.0,0.820073,0.8,0.530687,0.8,0.795462
sciver_val_439,2410.14508v1,cv,val,7,direct,kimi_vl_a3b,qwen3vl,0.6,1.0,False,0.4,0.6,1.0,0.8,0.0,1.0,0.294655
sciver_val_501,2409.16670v1,cv,val,7,direct,kimi_vl_a3b,kimi_vl_a3b,0.8,0.8,True,0.0,0.0,0.528287,0.2,0.51978,0.8,0.572503
sciver_test_9,2411.14321v1,cv,test,8,analytical,pixtral12b,qwen3vl,0.0,1.0,False,1.0,0.0,1.0,1.0,0.879326,0.4,0.991104
sciver_test_22,2410.15355v1,cv,test,8,analytical,kimi_vl_a3b,kimi_vl_a3b,1.0,1.0,True,0.0,0.2,0.917672,0.8,0.264183,1.0,1.0
sciver_test_59,2410.16845v1,cv,test,8,analytical,pixtral12b,pixtral12b,1.0,1.0,True,0.0,0.0,0.614358,1.0,0.676939,0.6,0.531655
sciver_test_68,2409.12479v1,cv,test,8,analytical,pixtral12b;kimi_vl_a3b,qwen3vl,0.2,0.8,False,0.6,0.2,0.763719,0.8,0.0,0.8,0.0
sciver_test_101,2410.02810v1,cv,test,8,analytical,qwen3vl,kimi_vl_a3b,0.8,1.0,False,0.2,1.0,0.026679,0.8,0.726076,0.8,0.732881
sciver_test_176,2411.16474v1,cv,test,8,analytical,pixtral12b,pixtral12b,1.0,1.0,True,0.0,0.2,0.029596,1.0,1.0,0.4,0.516868
sciver_test_190,2411.15553v1,cv,test,8,analytical,qwen3vl;pixtral12b,pixtral12b,1.0,1.0,True,0.0,1.0,0.302671,1.0,0.610754,0.8,0.34863
sciver_test_233,2410.22782v1,cv,test,8,analytical,kimi_vl_a3b,qwen3vl,0.4,1.0,False,0.6,0.4,0.884062,0.8,0.416519,1.0,0.50909
sciver_test_283,2410.07416v1,cv,test,8,analytical,qwen3vl,pixtral12b,0.6,1.0,False,0.4,1.0,0.813771,0.6,0.816398,0.0,0.0
sciver_test_319,2410.21562v1,cv,test,8,analytical,qwen3vl,qwen3vl,0.6,0.6,True,0.0,0.6,0.467029,0.0,0.233933,0.4,0.275209
sciver_test_336,2409.11267v1,cv,test,8,analytical,qwen3vl,qwen3vl,0.4,0.4,True,0.0,0.4,1.0,0.2,0.603579,0.0,0.582964
sciver_test_351,2410.01631v1,cv,test,8,analytical,qwen3vl,qwen3vl,0.8,0.8,True,0.0,0.8,0.352772,0.0,0.0,0.0,0.133333
sciver_test_390,2409.01700v2,cv,test,8,analytical,qwen3vl,kimi_vl_a3b,0.0,0.2,False,0.2,0.2,0.88762,0.0,0.846917,0.0,0.900567
sciver_test_429,2411.13900v1,cv,test,8,analytical,qwen3vl,qwen3vl,1.0,1.0,True,0.0,1.0,0.926752,0.0,0.401367,0.4,0.389606
sciver_test_455,2410.04465v2,cv,test,8,analytical,qwen3vl;kimi_vl_a3b,pixtral12b,0.2,0.8,False,0.6,0.8,0.23656,0.2,0.720546,0.8,0.544408
sciver_test_468,2411.06723v1,cv,test,8,analytical,pixtral12b,kimi_vl_a3b,0.2,0.4,False,0.2,0.2,0.487301,0.4,0.639581,0.2,0.910821
sciver_test_476,2409.07335v1,cv,test,8,analytical,qwen3vl;kimi_vl_a3b,pixtral12b,0.4,1.0,False,0.6,1.0,0.0,0.4,1.0,1.0,1.0
sciver_test_499,2410.02810v1,cv,test,8,direct,pixtral12b,qwen3vl,0.0,0.6,False,0.6,0.0,1.0,0.6,0.0,0.0,0.662376
sciver_test_523,2411.06723v1,cv,test,8,direct,kimi_vl_a3b,kimi_vl_a3b,1.0,1.0,True,0.0,0.0,0.798838,0.2,0.910001,1.0,1.0
sciver_test_538,2410.20749v1,cv,test,8,direct,qwen3vl;pixtral12b;kimi_vl_a3b,pixtral12b,0.2,0.2,True,0.0,0.2,0.024221,0.2,0.76038,0.2,0.033166
sciver_test_555,2409.12479v1,cv,test,8,direct,pixtral12b,pixtral12b,1.0,1.0,True,0.0,0.2,0.422878,1.0,0.73764,0.6,0.0
sciver_test_565,2411.16474v1,cv,test,8,direct,qwen3vl;pixtral12b,qwen3vl,0.6,0.6,True,0.0,0.6,0.514729,0.6,0.445017,0.4,0.039801
sciver_test_618,2409.13726v1,cv,test,8,direct,kimi_vl_a3b,kimi_vl_a3b,0.4,0.4,True,0.0,0.2,0.505197,0.2,0.612367,0.4,0.791964
sciver_test_644,2409.06227v1,cv,test,8,direct,pixtral12b,qwen3vl,0.2,0.4,False,0.2,0.2,1.0,0.4,1.0,0.0,0.871289
sciver_test_673,2411.14321v1,cv,test,8,direct,qwen3vl,qwen3vl,1.0,1.0,True,0.0,1.0,1.0,0.8,0.645659,0.2,0.52352
sciver_test_685,2410.15355v1,cv,test,8,direct,qwen3vl;pixtral12b,kimi_vl_a3b,0.2,0.4,False,0.2,0.4,0.275131,0.4,0.144384,0.2,0.56829
sciver_test_717,2411.16459v1,cv,test,8,direct,pixtral12b,qwen3vl,0.4,0.6,False,0.2,0.4,1.0,0.6,0.0,0.2,0.070322
sciver_test_753,2410.02409v1,cv,test,8,direct,qwen3vl,qwen3vl,1.0,1.0,True,0.0,1.0,0.595261,0.2,0.0,0.8,0.0
sciver_test_795,2410.13000v1,cv,test,8,direct,qwen3vl;kimi_vl_a3b,kimi_vl_a3b,0.6,0.6,True,0.0,0.6,0.9472,0.2,0.477731,0.6,0.968206
sciver_test_867,2411.07565v1,cv,test,8,direct,qwen3vl;pixtral12b;kimi_vl_a3b,qwen3vl,0.4,0.4,True,0.0,0.4,0.438075,0.4,0.257937,0.4,0.008478
sciver_test_876,2410.05341v2,cv,test,8,direct,qwen3vl;kimi_vl_a3b,pixtral12b,0.8,1.0,False,0.2,1.0,0.025637,0.8,0.711354,1.0,0.016719
sciver_test_903,2411.02614v1,cv,test,8,direct,kimi_vl_a3b,pixtral12b,0.2,1.0,False,0.8,0.8,0.598369,0.2,0.643867,1.0,0.636872
sciver_test_904,2410.21562v1,cv,test,8,direct,pixtral12b;kimi_vl_a3b,qwen3vl,0.4,0.8,False,0.4,0.4,0.844878,0.8,0.679562,0.8,0.616787
sciver_test_914,2409.11267v1,cv,test,8,direct,qwen3vl,qwen3vl,1.0,1.0,True,0.0,1.0,0.723333,0.8,0.307641,0.2,0.134345
sciver_test_927,2410.01631v1,cv,test,8,direct,qwen3vl;pixtral12b,qwen3vl,0.8,0.8,True,0.0,0.8,0.681193,0.8,0.564839,0.2,0.505838
sciver_test_961,2411.04451v1,cv,test,8,direct,qwen3vl,kimi_vl_a3b,0.0,0.8,False,0.8,0.8,0.52642,0.0,0.331941,0.0,0.865257
sciver_test_965,2409.16060v1,cv,test,8,direct,kimi_vl_a3b,pixtral12b,0.2,1.0,False,0.8,0.8,0.177534,0.2,1.0,1.0,0.822587
sciver_val_10,2409.05371v1,cv,val,8,analytical,qwen3vl;kimi_vl_a3b,pixtral12b,0.6,1.0,False,0.4,1.0,0.053813,0.6,1.0,1.0,1.0
sciver_val_19,2411.10399v1,cv,val,8,analytical,pixtral12b,pixtral12b,1.0,1.0,True,0.0,0.6,0.190743,1.0,0.331053,0.4,0.074748
sciver_val_31,2411.01006v2,cv,val,8,analytical,qwen3vl;kimi_vl_a3b,kimi_vl_a3b,0.8,0.8,True,0.0,0.8,0.326186,0.6,0.805667,0.8,0.816895
sciver_val_152,2411.05009v1,cv,val,8,analytical,qwen3vl,qwen3vl,0.8,0.8,True,0.0,0.8,1.0,0.0,0.0,0.4,0.996751
sciver_val_161,2410.00454v1,cv,val,8,analytical,qwen3vl,pixtral12b,0.4,0.8,False,0.4,0.8,0.345403,0.4,0.485023,0.4,0.005461
sciver_val_163,2409.00768v1,cv,val,8,analytical,qwen3vl,kimi_vl_a3b,0.2,0.4,False,0.2,0.4,0.0,0.2,0.264229,0.2,1.0
sciver_val_197,2409.19521v1,cv,val,8,analytical,qwen3vl,pixtral12b,0.0,1.0,False,1.0,1.0,0.251433,0.0,1.0,0.0,0.0
sciver_val_207,2409.11736v1,cv,val,8,analytical,qwen3vl,qwen3vl,0.8,0.8,True,0.0,0.8,0.375759,0.2,0.0,0.0,0.120621
sciver_val_226,2410.19277v2,cv,val,8,analytical,qwen3vl,kimi_vl_a3b,0.0,0.8,False,0.8,0.8,0.587483,0.0,0.245014,0.0,0.861991
sciver_val_235,2409.04728v1,cv,val,8,analytical,kimi_vl_a3b,qwen3vl,0.4,1.0,False,0.6,0.4,1.0,0.6,0.977421,1.0,0.109973
sciver_val_245,2411.11736v1,cv,val,8,analytical,qwen3vl,pixtral12b,0.6,1.0,False,0.4,1.0,0.469584,0.6,1.0,0.6,1.0
sciver_val_247,2409.10944v1,cv,val,8,analytical,qwen3vl,qwen3vl,1.0,1.0,True,0.0,1.0,0.939059,0.2,0.311774,0.2,0.0
sciver_val_267,2409.09506v1,cv,val,8,direct,pixtral12b,qwen3vl,0.6,1.0,False,0.4,0.6,1.0,1.0,1.0,0.4,0.202902
sciver_val_323,2409.17896v1,cv,val,8,direct,kimi_vl_a3b,qwen3vl,0.2,0.8,False,0.6,0.2,0.328797,0.6,0.242258,0.8,0.313282
sciver_val_346,2409.05371v1,cv,val,8,direct,pixtral12b,pixtral12b,1.0,1.0,True,0.0,0.4,0.168845,1.0,1.0,0.8,0.590173
sciver_val_457,2409.00119v2,cv,val,8,direct,qwen3vl;kimi_vl_a3b,kimi_vl_a3b,0.6,0.6,True,0.0,0.6,0.474529,0.0,0.492997,0.6,0.669298
sciver_val_460,2411.05009v1,cv,val,8,direct,qwen3vl,kimi_vl_a3b,0.8,1.0,False,0.2,1.0,0.516905,0.0,0.68574,0.8,1.0
sciver_val_470,2410.00454v1,cv,val,8,direct,qwen3vl;kimi_vl_a3b,qwen3vl,0.8,0.8,True,0.0,0.8,0.76442,0.4,0.418574,0.8,0.584634
sciver_val_488,2411.15351v1,cv,val,8,direct,kimi_vl_a3b,kimi_vl_a3b,0.8,0.8,True,0.0,0.2,0.242,0.2,0.0,0.8,0.913241
sciver_val_500,2409.04728v1,cv,val,8,direct,kimi_vl_a3b,kimi_vl_a3b,0.6,0.6,True,0.0,0.2,0.824123,0.0,0.526107,0.6,0.924323
sciver_test_14,2410.06795v1,cv,test,9,analytical,kimi_vl_a3b,pixtral12b,0.6,0.8,False,0.2,0.0,0.400569,0.6,0.941915,0.8,0.87852
sciver_test_20,2411.03966v1,cv,test,9,analytical,kimi_vl_a3b,qwen3vl,0.2,0.8,False,0.6,0.2,0.321389,0.4,0.157945,0.8,0.0
sciver_test_162,2410.01839v1,cv,test,9,analytical,kimi_vl_a3b,qwen3vl,0.0,1.0,False,1.0,0.0,0.774825,0.6,0.0,1.0,0.047007
sciver_test_168,2409.04453v2,cv,test,9,analytical,pixtral12b;kimi_vl_a3b,pixtral12b,0.8,0.8,True,0.0,0.0,0.332464,0.8,0.471474,0.8,0.337655
sciver_test_172,2410.14059v2,cv,test,9,analytical,pixtral12b;kimi_vl_a3b,pixtral12b,0.8,0.8,True,0.0,0.0,0.0,0.8,0.944656,0.8,0.872313
sciver_test_203,2409.17137v3,cv,test,9,analytical,pixtral12b;kimi_vl_a3b,pixtral12b,1.0,1.0,True,0.0,0.6,0.053265,1.0,1.0,1.0,0.429149
sciver_test_210,2410.17020v2,cv,test,9,analytical,kimi_vl_a3b,qwen3vl,0.6,1.0,False,0.4,0.6,0.998541,0.8,0.931476,1.0,0.867656
sciver_test_231,2410.02346v2,cv,test,9,analytical,qwen3vl;pixtral12b;kimi_vl_a3b,pixtral12b,1.0,1.0,True,0.0,1.0,0.578551,1.0,1.0,1.0,0.0
sciver_test_235,2411.06529v1,cv,test,9,analytical,pixtral12b,qwen3vl,0.2,1.0,False,0.8,0.2,1.0,1.0,0.411143,0.8,0.637432
sciver_test_262,2409.12680v2,cv,test,9,analytical,kimi_vl_a3b,kimi_vl_a3b,1.0,1.0,True,0.0,0.8,0.103777,0.0,0.000837,1.0,0.544542
sciver_test_278,2411.07954v2,cv,test,9,analytical,qwen3vl,qwen3vl,1.0,1.0,True,0.0,1.0,0.0,0.0,0.0,0.0,0.0
sciver_test_295,2409.16217v1,cv,test,9,analytical,qwen3vl;kimi_vl_a3b,qwen3vl,1.0,1.0,True,0.0,1.0,0.793269,0.2,0.0,1.0,0.495966
sciver_test_338,2410.21259v2,cv,test,9,analytical,qwen3vl,pixtral12b,0.2,1.0,False,0.8,1.0,0.137194,0.2,0.287679,0.2,0.028177
sciver_test_349,2410.23317v1,cv,test,9,analytical,pixtral12b,kimi_vl_a3b,0.2,0.8,False,0.6,0.6,0.0,0.8,0.347483,0.2,0.582161
sciver_test_353,2411.09118v1,cv,test,9,analytical,qwen3vl;kimi_vl_a3b,qwen3vl,0.8,0.8,True,0.0,0.8,0.911182,0.2,0.754253,0.8,0.081957
sciver_test_366,2411.02653v1,cv,test,9,analytical,qwen3vl,kimi_vl_a3b,0.8,1.0,False,0.2,1.0,0.28591,0.4,0.380187,0.8,0.69896
sciver_test_386,2409.04073v2,cv,test,9,analytical,kimi_vl_a3b,pixtral12b,0.6,0.8,False,0.2,0.2,0.542431,0.6,0.698394,0.8,0.0
sciver_test_422,2411.16421v1,cv,test,9,analytical,qwen3vl,pixtral12b,0.2,1.0,False,0.8,1.0,0.819651,0.2,0.907875,0.2,0.831265
sciver_test_472,2409.17424v1,cv,test,9,analytical,qwen3vl,qwen3vl,0.8,0.8,True,0.0,0.8,0.563371,0.0,0.373351,0.2,0.4681
sciver_test_481,2411.12858v2,cv,test,9,analytical,qwen3vl,qwen3vl,1.0,1.0,True,0.0,1.0,1.0,0.2,0.632267,0.6,0.0
sciver_test_484,2409.01123v1,cv,test,9,analytical,qwen3vl;pixtral12b;kimi_vl_a3b,kimi_vl_a3b,0.2,0.2,True,0.0,0.2,0.854946,0.2,0.880683,0.2,1.0
sciver_test_503,2410.14059v2,cv,test,9,direct,pixtral12b,kimi_vl_a3b,0.2,1.0,False,0.8,0.8,0.429697,1.0,0.502306,0.2,0.665339
sciver_test_506,2411.10703v1,cv,test,9,direct,pixtral12b,pixtral12b,1.0,1.0,True,0.0,0.2,0.080265,1.0,0.783959,0.2,0.583664
sciver_test_520,2409.04073v2,cv,test,9,direct,pixtral12b;kimi_vl_a3b,qwen3vl,0.4,0.8,False,0.4,0.4,1.0,0.8,0.419505,0.8,0.783058
sciver_test_564,2410.01839v1,cv,test,9,direct,pixtral12b,pixtral12b,1.0,1.0,True,0.0,0.2,0.0,1.0,0.343911,0.0,0.0
sciver_test_626,2409.11463v1,cv,test,9,direct,qwen3vl,qwen3vl,0.8,0.8,True,0.0,0.8,1.0,0.6,0.598611,0.6,0.0
sciver_test_632,2409.18783v2,cv,test,9,direct,qwen3vl,pixtral12b,0.2,0.6,False,0.4,0.6,0.304546,0.2,0.511365,0.2,0.361339
sciver_test_648,2409.00742v1,cv,test,9,direct,qwen3vl,qwen3vl,0.8,0.8,True,0.0,0.8,0.961671,0.4,0.614458,0.0,0.4632
sciver_test_652,2409.08703v1,cv,test,9,direct,pixtral12b,qwen3vl,0.0,0.8,False,0.8,0.0,0.98825,0.8,0.0224,0.6,0.893052
sciver_test_660,2411.15546v1,cv,test,9,direct,kimi_vl_a3b,pixtral12b,0.8,1.0,False,0.2,0.8,0.642568,0.8,1.0,1.0,0.331709
sciver_test_678,2410.06795v1,cv,test,9,direct,pixtral12b,qwen3vl,0.2,1.0,False,0.8,0.2,1.0,1.0,0.334597,0.4,0.426309
sciver_test_683,2411.03966v1,cv,test,9,direct,qwen3vl,pixtral12b,0.8,1.0,False,0.2,1.0,0.339465,0.8,1.0,0.2,1.0
sciver_test_819,2411.04649v1,cv,test,9,direct,pixtral12b,kimi_vl_a3b,0.4,0.6,False,0.2,0.2,0.717428,0.6,0.127384,0.4,0.831435
sciver_test_826,2409.17137v3,cv,test,9,direct,qwen3vl,pixtral12b,0.0,0.4,False,0.4,0.4,0.04685,0.0,1.0,0.2,0.665346
sciver_test_846,2411.06529v1,cv,test,9,direct,kimi_vl_a3b,pixtral12b,0.4,0.8,False,0.4,0.4,0.097771,0.4,1.0,0.8,0.782353
sciver_test_861,2409.12680v2,cv,test,9,direct,qwen3vl,pixtral12b,0.4,0.8,False,0.4,0.8,0.098484,0.4,0.519722,0.4,0.51593
sciver_test_916,2410.21259v2,cv,test,9,direct,kimi_vl_a3b,qwen3vl,0.2,1.0,False,0.8,0.2,0.598776,0.0,0.0,1.0,0.322236
sciver_test_928,2411.09118v1,cv,test,9,direct,qwen3vl;kimi_vl_a3b,qwen3vl,0.8,0.8,True,0.0,0.8,0.600689,0.4,0.0,0.8,0.431476
sciver_test_932,2409.11874v1,cv,test,9,direct,qwen3vl;kimi_vl_a3b,qwen3vl,1.0,1.0,True,0.0,1.0,0.673551,0.2,0.450518,1.0,0.561193
sciver_test_946,2411.15375v1,cv,test,9,direct,qwen3vl;kimi_vl_a3b,pixtral12b,0.2,1.0,False,0.8,1.0,0.27908,0.2,0.727902,1.0,0.063627
sciver_test_947,2411.01023v1,cv,test,9,direct,pixtral12b;kimi_vl_a3b,qwen3vl,0.2,0.4,False,0.2,0.2,0.978825,0.4,0.567041,0.4,0.417739
sciver_test_993,2411.15453v1,cv,test,9,direct,kimi_vl_a3b,pixtral12b,0.4,1.0,False,0.6,0.8,0.130296,0.4,0.645751,1.0,0.0
sciver_test_994,2411.12858v2,cv,test,9,direct,qwen3vl;kimi_vl_a3b,qwen3vl,0.8,0.8,True,0.0,0.8,0.670699,0.0,0.169249,0.8,0.468462
sciver_val_8,2409.01901v1,cv,val,9,analytical,pixtral12b,pixtral12b,0.8,0.8,True,0.0,0.0,0.850554,0.8,1.0,0.0,0.86749
sciver_val_44,2411.07664v1,cv,val,9,analytical,pixtral12b,qwen3vl,0.0,0.6,False,0.6,0.0,0.097774,0.6,0.023972,0.4,0.0
sciver_val_62,2411.14318v1,cv,val,9,analytical,pixtral12b,kimi_vl_a3b,0.8,1.0,False,0.2,0.6,0.233446,1.0,0.464368,0.8,0.819726
sciver_val_150,2410.05729v1,cv,val,9,analytical,qwen3vl,qwen3vl,1.0,1.0,True,0.0,1.0,0.901587,0.6,0.476717,0.2,0.610714
sciver_val_196,2411.11449v1,cv,val,9,analytical,qwen3vl,qwen3vl,0.4,0.4,True,0.0,0.4,0.460567,0.0,0.0,0.0,0.346836
sciver_val_261,2410.20483v2,cv,val,9,direct,qwen3vl,qwen3vl,0.6,0.6,True,0.0,0.6,0.513832,0.4,0.0,0.0,0.0
sciver_val_266,2409.13873v1,cv,val,9,direct,qwen3vl,kimi_vl_a3b,0.0,0.2,False,0.2,0.2,0.0,0.0,0.620245,0.0,0.803438
sciver_val_270,2411.11449v1,cv,val,9,direct,pixtral12b,qwen3vl,0.0,0.8,False,0.8,0.0,0.325378,0.8,0.0,0.0,0.04126
sciver_val_288,2410.07970v1,cv,val,9,direct,pixtral12b,qwen3vl,0.0,0.4,False,0.4,0.0,0.345163,0.4,0.0,0.2,0.029401
sciver_val_289,2411.07664v1,cv,val,9,direct,qwen3vl,qwen3vl,1.0,1.0,True,0.0,1.0,0.73254,0.2,0.0,0.4,0.0
sciver_val_332,2410.22142v1,cv,val,9,direct,kimi_vl_a3b,kimi_vl_a3b,1.0,1.0,True,0.0,0.2,0.685156,0.8,0.101212,1.0,1.0
sciver_val_366,2409.06166v1,cv,val,9,direct,pixtral12b,pixtral12b,0.8,0.8,True,0.0,0.2,0.087394,0.8,0.319826,0.2,0.040578
sciver_val_427,2410.13343v1,cv,val,9,direct,kimi_vl_a3b,qwen3vl,0.2,0.6,False,0.4,0.2,1.0,0.2,0.0,0.6,0.613435
sciver_test_11,2411.10948v1,cv,test,10,analytical,pixtral12b;kimi_vl_a3b,qwen3vl,0.0,0.8,False,0.8,0.0,1.0,0.8,0.276138,0.8,0.55686
sciver_test_16,2411.08298v1,cv,test,10,analytical,kimi_vl_a3b,qwen3vl,0.6,1.0,False,0.4,0.6,1.0,0.8,0.525907,1.0,0.907907
sciver_test_27,2409.15218v1,cv,test,10,analytical,pixtral12b;kimi_vl_a3b,kimi_vl_a3b,0.8,0.8,True,0.0,0.2,0.477455,0.8,0.612896,0.8,0.689814
sciver_test_38,2410.17694v1,cv,test,10,analytical,kimi_vl_a3b,pixtral12b,0.4,1.0,False,0.6,0.2,0.138995,0.4,0.690332,1.0,0.0
sciver_test_65,2411.02542v1,cv,test,10,analytical,pixtral12b;kimi_vl_a3b,kimi_vl_a3b,1.0,1.0,True,0.0,0.8,0.0,1.0,0.347395,1.0,0.61919
sciver_test_93,2411.02725v1,cv,test,10,analytical,pixtral12b,kimi_vl_a3b,0.0,0.8,False,0.8,0.2,0.950163,0.8,0.554779,0.0,1.0
sciver_test_119,2409.05305v1,cv,test,10,analytical,kimi_vl_a3b,kimi_vl_a3b,1.0,1.0,True,0.0,0.0,0.4635,0.8,0.807494,1.0,0.907831
sciver_test_124,2409.15440v1,cv,test,10,analytical,kimi_vl_a3b,qwen3vl,0.6,0.8,False,0.2,0.6,1.0,0.6,0.986654,0.8,0.923686
sciver_test_136,2410.01964v1,cv,test,10,analytical,qwen3vl,qwen3vl,1.0,1.0,True,0.0,1.0,0.603087,0.8,0.561833,0.6,0.413892
sciver_test_140,2411.16342v1,cv,test,10,analytical,kimi_vl_a3b,qwen3vl,0.6,1.0,False,0.4,0.6,1.0,0.2,0.574543,1.0,0.747855
sciver_test_142,2409.19611v1,cv,test,10,analytical,pixtral12b,qwen3vl,0.2,0.8,False,0.6,0.2,0.639106,0.8,0.308981,0.4,0.51649
sciver_test_146,2409.03074v1,cv,test,10,analytical,kimi_vl_a3b,pixtral12b,0.8,1.0,False,0.2,0.4,0.127874,0.8,0.604566,1.0,0.0
sciver_test_152,2409.10951v1,cv,test,10,analytical,pixtral12b,pixtral12b,0.6,0.6,True,0.0,0.2,0.141586,0.6,1.0,0.4,0.871511
sciver_test_154,2411.00254v1,cv,test,10,analytical,kimi_vl_a3b,pixtral12b,0.2,1.0,False,0.8,0.2,0.011319,0.2,0.930962,1.0,0.913529
sciver_test_237,2410.03090v1,cv,test,10,analytical,pixtral12b,kimi_vl_a3b,0.4,0.6,False,0.2,0.4,0.502101,0.6,0.521858,0.4,0.824899
sciver_test_368,2411.16471v1,cv,test,10,analytical,qwen3vl,qwen3vl,0.2,0.2,True,0.0,0.2,0.586657,0.0,0.0,0.0,0.0
sciver_test_374,2409.03550v1,cv,test,10,analytical,qwen3vl,pixtral12b,0.6,1.0,False,0.4,1.0,0.053422,0.6,1.0,0.4,0.041701
sciver_test_439,2409.09884v1,cv,test,10,analytical,qwen3vl,qwen3vl,1.0,1.0,True,0.0,1.0,1.0,0.0,0.0,0.0,0.492738
sciver_test_449,2409.00210v1,cv,test,10,analytical,qwen3vl,qwen3vl,0.2,0.2,True,0.0,0.2,1.0,0.0,0.0,0.0,0.0
sciver_test_465,2411.15645v1,cv,test,10,analytical,qwen3vl,qwen3vl,1.0,1.0,True,0.0,1.0,0.703145,0.4,0.02599,0.2,0.666427
sciver_test_680,2411.08298v1,cv,test,10,direct,pixtral12b,pixtral12b,0.6,0.6,True,0.0,0.2,0.151782,0.6,0.410507,0.4,0.28306
sciver_test_696,2410.17694v1,cv,test,10,direct,pixtral12b,pixtral12b,1.0,1.0,True,0.0,0.8,0.0,1.0,0.935741,0.2,0.0
sciver_test_714,2410.06423v1,cv,test,10,direct,pixtral12b,qwen3vl,0.6,1.0,False,0.4,0.6,0.804356,1.0,0.243578,0.2,0.727486
sciver_test_716,2411.12078v1,cv,test,10,direct,pixtral12b,pixtral12b,1.0,1.0,True,0.0,0.0,0.0,1.0,0.892316,0.4,0.0
sciver_test_764,2409.05305v1,cv,test,10,direct,qwen3vl;kimi_vl_a3b,kimi_vl_a3b,1.0,1.0,True,0.0,1.0,0.117109,0.6,0.079773,1.0,0.176642
sciver_test_768,2409.15440v1,cv,test,10,direct,qwen3vl,kimi_vl_a3b,0.2,0.6,False,0.4,0.6,0.277952,0.0,0.119544,0.2,0.741486
sciver_test_777,2410.01964v1,cv,test,10,direct,kimi_vl_a3b,qwen3vl,0.8,1.0,False,0.2,0.8,0.295808,0.6,0.202897,1.0,0.172487
sciver_test_779,2411.16342v1,cv,test,10,direct,qwen3vl;kimi_vl_a3b,qwen3vl,1.0,1.0,True,0.0,1.0,1.0,0.2,0.0,1.0,0.0
sciver_test_781,2409.19611v1,cv,test,10,direct,kimi_vl_a3b,pixtral12b,0.4,0.8,False,0.4,0.2,0.135783,0.4,0.888779,0.8,0.0
sciver_test_784,2409.03074v1,cv,test,10,direct,kimi_vl_a3b,pixtral12b,0.6,0.8,False,0.2,0.2,0.450459,0.6,0.606403,0.8,0.0
sciver_test_789,2409.10951v1,cv,test,10,direct,qwen3vl,kimi_vl_a3b,0.8,1.0,False,0.2,1.0,0.988315,0.6,0.0,0.8,1.0
sciver_test_791,2411.00254v1,cv,test,10,direct,qwen3vl;kimi_vl_a3b,qwen3vl,1.0,1.0,True,0.0,1.0,1.0,0.2,0.840887,1.0,0.951066
sciver_test_847,2410.03090v1,cv,test,10,direct,qwen3vl;kimi_vl_a3b,kimi_vl_a3b,1.0,1.0,True,0.0,1.0,0.38006,0.2,0.484623,1.0,1.0
sciver_test_865,2411.01088v1,cv,test,10,direct,qwen3vl;kimi_vl_a3b,kimi_vl_a3b,1.0,1.0,True,0.0,1.0,0.419187,0.8,0.371401,1.0,0.592078
sciver_test_874,2410.08387v1,cv,test,10,direct,kimi_vl_a3b,pixtral12b,0.2,0.8,False,0.6,0.6,0.328714,0.2,0.937661,0.8,0.114436
sciver_test_907,2409.16239v1,cv,test,10,direct,pixtral12b,pixtral12b,0.8,0.8,True,0.0,0.4,0.320844,0.8,0.630279,0.6,0.593317
sciver_test_951,2410.23537v1,cv,test,10,direct,qwen3vl;kimi_vl_a3b,kimi_vl_a3b,1.0,1.0,True,0.0,1.0,0.0,0.6,0.23052,1.0,0.375203
sciver_test_960,2410.17226v2,cv,test,10,direct,kimi_vl_a3b,qwen3vl,0.2,0.6,False,0.4,0.2,0.757728,0.0,0.574655,0.6,0.540577
sciver_test_977,2409.12207v1,cv,test,10,direct,kimi_vl_a3b,pixtral12b,0.6,0.8,False,0.2,0.6,0.197346,0.6,1.0,0.8,0.591561
sciver_test_978,2409.02756v2,cv,test,10,direct,qwen3vl,qwen3vl,0.8,0.8,True,0.0,0.8,1.0,0.4,0.545823,0.4,0.414052
sciver_test_987,2409.06337v1,cv,test,10,direct,kimi_vl_a3b,pixtral12b,0.8,1.0,False,0.2,0.6,0.0,0.8,0.902637,1.0,0.090308
sciver_test_992,2411.08788v1,cv,test,10,direct,qwen3vl,kimi_vl_a3b,0.8,1.0,False,0.2,1.0,0.895143,0.4,0.453577,0.8,0.942865
sciver_val_14,2410.13376v1,cv,val,10,analytical,pixtral12b,pixtral12b,1.0,1.0,True,0.0,0.4,0.707192,1.0,1.0,0.8,0.0
sciver_val_64,2410.00679v1,cv,val,10,analytical,pixtral12b;kimi_vl_a3b,qwen3vl,0.6,1.0,False,0.4,0.6,0.277839,1.0,0.239103,1.0,0.0
sciver_val_72,2409.08522v1,cv,val,10,analytical,pixtral12b,kimi_vl_a3b,0.8,1.0,False,0.2,0.8,0.498323,1.0,0.620811,0.8,0.904582
sciver_val_86,2409.08158v1,cv,val,10,analytical,kimi_vl_a3b,pixtral12b,0.4,1.0,False,0.6,0.0,0.59266,0.4,0.860276,1.0,0.675283
sciver_val_168,2411.16273v1,cv,val,10,analytical,qwen3vl,kimi_vl_a3b,0.8,1.0,False,0.2,1.0,0.0,0.4,0.603057,0.8,1.0
sciver_val_201,2410.19288v1,cv,val,10,analytical,qwen3vl;pixtral12b,pixtral12b,0.4,0.4,True,0.0,0.4,0.184054,0.4,0.604441,0.0,0.0
sciver_val_204,2409.14128v2,cv,val,10,analytical,pixtral12b,qwen3vl,0.0,0.6,False,0.6,0.0,0.982283,0.6,0.49511,0.4,0.604771
sciver_val_209,2410.20847v1,cv,val,10,analytical,qwen3vl,qwen3vl,1.0,1.0,True,0.0,1.0,0.787097,0.2,0.075574,0.6,0.238785
sciver_val_236,2409.14781v4,cv,val,10,analytical,qwen3vl;kimi_vl_a3b,kimi_vl_a3b,1.0,1.0,True,0.0,1.0,0.692985,0.4,0.807134,1.0,1.0
sciver_val_265,2411.16273v1,cv,val,10,direct,qwen3vl;pixtral12b,qwen3vl,0.2,0.2,True,0.0,0.2,0.917738,0.2,0.592701,0.0,0.693277
sciver_val_297,2409.02137v1,cv,val,10,direct,pixtral12b,pixtral12b,0.8,0.8,True,0.0,0.4,0.0,0.8,0.860234,0.0,0.474311
sciver_val_392,2409.08522v1,cv,val,10,direct,kimi_vl_a3b,qwen3vl,0.8,1.0,False,0.2,0.8,1.0,0.2,0.834051,1.0,0.0
sciver_val_422,2411.14533v1,cv,val,10,direct,qwen3vl,qwen3vl,1.0,1.0,True,0.0,1.0,0.508861,0.6,0.404615,0.4,0.482951
sciver_val_497,2411.04732v1,cv,val,10,direct,kimi_vl_a3b,kimi_vl_a3b,0.8,0.8,True,0.0,0.6,0.411265,0.4,0.724276,0.8,1.0
