replicate,rows,unique_groups,top1_hit_rate,mean_regret,median_regret
1,123,55,0.3821138211382114,0.3252032520325203,0.2
2,114,59,0.4473684210526316,0.2631578947368421,0.2
3,120,56,0.36666666666666664,0.31833333333333336,0.2
4,128,56,0.3515625,0.35468750000000004,0.4
5,116,54,0.3706896551724138,0.37413793103448273,0.4
6,116,54,0.33620689655172414,0.3327586206896552,0.2
7,122,54,0.39344262295081966,0.3049180327868853,0.2
8,116,59,0.3879310344827586,0.31034482758620696,0.2
9,111,58,0.3153153153153153,0.33873873873873883,0.2
10,114,65,0.3684210526315789,0.31052631578947365,0.2
11,122,51,0.3524590163934426,0.359016393442623,0.4
12,123,54,0.34959349593495936,0.3577235772357724,0.2
13,108,55,0.39814814814814814,0.30925925925925923,0.2
14,114,55,0.40350877192982454,0.30877192982456136,0.2
15,116,56,0.3706896551724138,0.32241379310344825,0.2
16,120,54,0.45,0.285,0.2
17,122,62,0.4262295081967213,0.27049180327868855,0.2
18,126,56,0.36507936507936506,0.3222222222222223,0.2
19,117,55,0.4444444444444444,0.2564102564102564,0.2
20,125,60,0.416,0.2768,0.2
21,125,50,0.352,0.3103999999999999,0.2
22,125,60,0.48,0.2672,0.2
23,126,58,0.3412698412698413,0.32222222222222235,0.2
24,116,56,0.3879310344827586,0.29310344827586204,0.2
25,120,53,0.375,0.3083333333333334,0.2
26,129,57,0.3798449612403101,0.33643410852713185,0.2
27,125,55,0.312,0.368,0.4
28,112,54,0.45535714285714285,0.225,0.2
29,123,55,0.2682926829268293,0.3544715447154472,0.2
30,123,59,0.37398373983739835,0.33495934959349594,0.4
31,123,59,0.3333333333333333,0.35772357723577236,0.4
32,119,58,0.3949579831932773,0.3361344537815127,0.2
33,120,56,0.39166666666666666,0.31666666666666665,0.2
34,122,61,0.319672131147541,0.3704918032786886,0.4
35,123,56,0.3170731707317073,0.334959349593496,0.2
36,112,57,0.4107142857142857,0.3160714285714286,0.2
37,115,59,0.33043478260869563,0.3460869565217391,0.2
38,113,57,0.36283185840707965,0.36637168141592924,0.4
39,118,58,0.3813559322033898,0.32033898305084757,0.2
40,119,59,0.3445378151260504,0.31428571428571433,0.2
41,120,52,0.425,0.2983333333333333,0.2
42,116,61,0.4051724137931034,0.296551724137931,0.2
43,121,53,0.5371900826446281,0.2462809917355372,0.0
44,126,53,0.30952380952380953,0.33333333333333337,0.2
45,121,59,0.34710743801652894,0.32561983471074385,0.2
46,119,61,0.37815126050420167,0.3193277310924371,0.2
47,116,60,0.39655172413793105,0.2827586206896552,0.2
48,118,58,0.2966101694915254,0.37118644067796613,0.2
49,120,53,0.36666666666666664,0.29000000000000004,0.2
50,121,54,0.34710743801652894,0.3057851239669422,0.2
51,121,55,0.33884297520661155,0.30247933884297523,0.2
52,128,55,0.34375,0.33125000000000004,0.2
53,115,56,0.40869565217391307,0.3043478260869566,0.2
54,121,58,0.3140495867768595,0.3735537190082645,0.4
55,120,65,0.3333333333333333,0.3550000000000001,0.4
56,116,56,0.35344827586206895,0.32758620689655177,0.2
57,121,55,0.371900826446281,0.31900826446280994,0.2
58,123,65,0.36585365853658536,0.2845528455284553,0.2
59,119,59,0.33613445378151263,0.3109243697478992,0.2
60,121,59,0.3884297520661157,0.29752066115702486,0.2
61,118,58,0.3983050847457627,0.30508474576271194,0.2
62,128,61,0.34375,0.38125,0.4
63,124,62,0.3548387096774194,0.33709677419354844,0.2
64,123,61,0.35772357723577236,0.3121951219512196,0.2
65,126,55,0.2698412698412698,0.36666666666666664,0.30000000000000004
66,112,54,0.38392857142857145,0.3017857142857143,0.2
67,123,53,0.3983739837398374,0.3235772357723577,0.2
68,127,53,0.4251968503937008,0.2755905511811025,0.2
69,123,55,0.3008130081300813,0.3707317073170732,0.2
70,120,53,0.35833333333333334,0.31,0.2
71,124,60,0.3790322580645161,0.2935483870967742,0.2
72,116,63,0.3103448275862069,0.31379310344827593,0.2
73,115,53,0.3565217391304348,0.3147826086956521,0.2
74,118,58,0.3898305084745763,0.328813559322034,0.2
75,117,55,0.3247863247863248,0.33675213675213667,0.2
76,113,57,0.3893805309734513,0.31681415929203544,0.2
77,111,58,0.38738738738738737,0.29189189189189185,0.2
78,129,51,0.4108527131782946,0.31007751937984496,0.2
79,115,59,0.34782608695652173,0.31652173913043474,0.2
80,129,56,0.49612403100775193,0.2713178294573643,0.2
81,114,52,0.3333333333333333,0.30175438596491233,0.2
82,123,52,0.2601626016260163,0.3902439024390244,0.4
83,126,53,0.3968253968253968,0.33650793650793653,0.2
84,125,57,0.44,0.3151999999999999,0.2
85,120,59,0.375,0.31333333333333335,0.2
86,123,60,0.4146341463414634,0.2634146341463415,0.2
87,124,57,0.4112903225806452,0.3387096774193548,0.2
88,117,59,0.37606837606837606,0.32820512820512826,0.2
89,113,52,0.30973451327433627,0.3327433628318584,0.2
90,122,57,0.3770491803278688,0.3065573770491804,0.2
91,125,58,0.432,0.2864,0.2
92,124,54,0.3870967741935484,0.29032258064516137,0.2
93,113,55,0.48672566371681414,0.2566371681415929,0.2
94,118,52,0.3305084745762712,0.3525423728813559,0.2
95,126,56,0.40476190476190477,0.3317460317460318,0.2
96,120,58,0.375,0.2983333333333334,0.2
97,127,56,0.3543307086614173,0.3653543307086614,0.4
98,110,50,0.37272727272727274,0.3290909090909091,0.2
99,120,56,0.43333333333333335,0.26999999999999996,0.2
100,120,54,0.36666666666666664,0.32,0.2
101,118,55,0.3898305084745763,0.29152542372881357,0.2
102,121,58,0.36363636363636365,0.31074380165289256,0.2
103,119,54,0.3949579831932773,0.3109243697478991,0.2
104,127,51,0.33858267716535434,0.3480314960629922,0.2
105,126,60,0.3968253968253968,0.3015873015873017,0.2
106,115,59,0.41739130434782606,0.29391304347826086,0.2
107,120,59,0.3333333333333333,0.31,0.2
108,123,50,0.43902439024390244,0.3008130081300813,0.2
109,119,57,0.3865546218487395,0.3277310924369748,0.2
110,125,55,0.4,0.29280000000000006,0.2
111,127,57,0.3937007874015748,0.2992125984251968,0.2
112,125,55,0.272,0.37439999999999996,0.4
113,114,54,0.38596491228070173,0.29298245614035084,0.2
114,122,61,0.4262295081967213,0.2901639344262295,0.2
115,121,58,0.3884297520661157,0.35206611570247937,0.2
116,123,60,0.34146341463414637,0.3382113821138211,0.2
117,126,54,0.3888888888888889,0.2825396825396825,0.2
118,117,47,0.47863247863247865,0.252991452991453,0.2
119,120,62,0.39166666666666666,0.30333333333333334,0.2
120,122,58,0.4016393442622951,0.29016393442622956,0.2
121,121,58,0.4297520661157025,0.2991735537190082,0.2
122,119,59,0.36134453781512604,0.3478991596638656,0.2
123,117,54,0.3247863247863248,0.3230769230769231,0.2
124,126,61,0.3253968253968254,0.3365079365079365,0.2
125,127,55,0.4566929133858268,0.3007874015748031,0.2
126,117,54,0.36752136752136755,0.27692307692307705,0.2
127,115,59,0.3739130434782609,0.3321739130434782,0.2
128,117,58,0.3418803418803419,0.3076923076923077,0.2
129,125,59,0.36,0.31200000000000006,0.2
130,118,58,0.3898305084745763,0.28644067796610173,0.2
131,118,57,0.3983050847457627,0.26440677966101694,0.2
132,126,62,0.49206349206349204,0.2571428571428571,0.2
133,119,58,0.4369747899159664,0.25546218487394956,0.2
134,123,56,0.44715447154471544,0.2878048780487805,0.2
135,124,58,0.3790322580645161,0.3629032258064516,0.30000000000000004
136,129,59,0.37209302325581395,0.28217054263565894,0.2
137,120,60,0.375,0.30666666666666664,0.2
138,123,58,0.3008130081300813,0.38048780487804873,0.2
139,125,61,0.424,0.26400000000000007,0.2
140,124,57,0.3548387096774194,0.29516129032258065,0.2
141,119,58,0.3865546218487395,0.3126050420168067,0.2
142,117,61,0.3418803418803419,0.3042735042735043,0.2
143,120,59,0.4083333333333333,0.2733333333333334,0.2
144,119,56,0.3697478991596639,0.3210084033613446,0.2
145,122,58,0.3360655737704918,0.35081967213114756,0.2
146,127,53,0.3700787401574803,0.2866141732283465,0.2
147,119,59,0.42016806722689076,0.25882352941176473,0.2
148,125,60,0.4,0.27680000000000005,0.2
149,123,57,0.3821138211382114,0.3252032520325203,0.2
150,120,57,0.325,0.33333333333333337,0.2
151,122,62,0.36065573770491804,0.3049180327868853,0.2
152,123,59,0.4146341463414634,0.297560975609756,0.2
153,122,57,0.4180327868852459,0.3081967213114754,0.2
154,119,60,0.48739495798319327,0.25882352941176473,0.2
155,116,52,0.3879310344827586,0.2672413793103448,0.2
156,122,59,0.39344262295081966,0.3163934426229509,0.2
157,124,54,0.3709677419354839,0.3548387096774193,0.30000000000000004
158,124,60,0.3064516129032258,0.3483870967741936,0.30000000000000004
159,127,59,0.4094488188976378,0.2850393700787402,0.2
160,117,62,0.29914529914529914,0.34871794871794876,0.2
161,124,51,0.3629032258064516,0.3306451612903226,0.2
162,123,56,0.43089430894308944,0.2796747967479675,0.2
163,123,54,0.34959349593495936,0.31056910569105695,0.2
164,121,63,0.35537190082644626,0.30909090909090914,0.2
165,129,54,0.43410852713178294,0.26201550387596895,0.2
166,121,56,0.35537190082644626,0.3305785123966942,0.2
167,121,58,0.49586776859504134,0.2677685950413224,0.2
168,118,59,0.3728813559322034,0.2966101694915254,0.2
169,123,59,0.4065040650406504,0.3121951219512195,0.2
170,117,56,0.358974358974359,0.3247863247863248,0.2
171,119,54,0.35294117647058826,0.3344537815126051,0.2
172,119,59,0.35294117647058826,0.31596638655462184,0.2
173,119,54,0.36134453781512604,0.3411764705882353,0.4
174,126,54,0.3888888888888889,0.34761904761904755,0.2
175,127,60,0.3937007874015748,0.27874015748031494,0.2
176,117,55,0.49572649572649574,0.2837606837606838,0.2
177,125,53,0.344,0.32799999999999996,0.2
178,119,57,0.4117647058823529,0.3210084033613445,0.2
179,119,54,0.3697478991596639,0.27394957983193285,0.2
180,119,59,0.453781512605042,0.2722689075630252,0.2
181,118,62,0.3728813559322034,0.3305084745762712,0.2
182,125,60,0.352,0.3424,0.2
183,116,57,0.4224137931034483,0.26896551724137935,0.2
184,122,59,0.3524590163934426,0.3262295081967213,0.2
185,112,55,0.25892857142857145,0.36607142857142855,0.4
186,118,60,0.4152542372881356,0.3101694915254237,0.2
187,120,56,0.425,0.29000000000000004,0.2
188,123,60,0.43902439024390244,0.2959349593495935,0.2
189,114,56,0.4298245614035088,0.2929824561403509,0.2
190,114,54,0.35964912280701755,0.29649122807017547,0.2
191,119,60,0.23529411764705882,0.37815126050420167,0.2
192,119,57,0.4369747899159664,0.29411764705882365,0.2
193,122,55,0.38524590163934425,0.32950819672131143,0.2
194,120,56,0.4083333333333333,0.28500000000000003,0.2
195,119,54,0.3949579831932773,0.3109243697478992,0.2
196,118,53,0.3813559322033898,0.3135593220338983,0.2
197,116,54,0.33620689655172414,0.3,0.2
198,125,56,0.336,0.32,0.2
199,125,59,0.44,0.2991999999999999,0.2
200,115,57,0.4,0.27652173913043476,0.2
201,118,57,0.3644067796610169,0.3084745762711864,0.2
202,123,60,0.3252032520325203,0.3707317073170732,0.4
203,118,57,0.3135593220338983,0.3711864406779661,0.4
204,116,63,0.3620689655172414,0.3310344827586207,0.2
205,118,55,0.3813559322033898,0.31864406779661025,0.2
206,110,55,0.34545454545454546,0.3218181818181817,0.2
207,118,53,0.2796610169491525,0.34067796610169493,0.2
208,116,55,0.3879310344827586,0.3206896551724139,0.2
209,123,58,0.4146341463414634,0.30243902439024395,0.2
210,110,60,0.37272727272727274,0.30181818181818176,0.2
211,123,55,0.3252032520325203,0.33333333333333337,0.2
212,110,54,0.39090909090909093,0.2690909090909091,0.2
213,120,60,0.425,0.25500000000000006,0.2
214,114,63,0.3157894736842105,0.3578947368421053,0.2
215,124,58,0.3951612903225806,0.30483870967741944,0.2
216,122,61,0.36885245901639346,0.28360655737704926,0.2
217,118,55,0.3813559322033898,0.3033898305084746,0.2
218,133,55,0.2932330827067669,0.3954887218045113,0.4
219,119,57,0.2773109243697479,0.36974789915966394,0.4
220,122,60,0.3114754098360656,0.3377049180327869,0.2
221,124,59,0.3870967741935484,0.2983870967741936,0.2
222,121,61,0.38016528925619836,0.3074380165289256,0.2
223,130,54,0.46153846153846156,0.25846153846153846,0.2
224,126,57,0.30158730158730157,0.37936507936507935,0.4
225,125,60,0.312,0.36479999999999996,0.2
226,124,58,0.4032258064516129,0.3225806451612903,0.2
227,117,61,0.38461538461538464,0.2991452991452992,0.2
228,128,57,0.359375,0.35625,0.4
229,124,61,0.29838709677419356,0.3483870967741935,0.2
230,122,57,0.39344262295081966,0.3475409836065574,0.2
231,124,57,0.3548387096774194,0.32741935483870965,0.2
232,129,62,0.3333333333333333,0.36589147286821705,0.4
233,117,58,0.28205128205128205,0.36410256410256414,0.4
234,119,59,0.46218487394957986,0.3008403361344537,0.2
235,121,59,0.3884297520661157,0.30247933884297523,0.2
236,115,58,0.3739130434782609,0.30782608695652175,0.2
237,117,57,0.38461538461538464,0.3076923076923077,0.2
238,121,53,0.38016528925619836,0.3355371900826447,0.2
239,125,56,0.352,0.3264,0.2
240,121,56,0.4462809917355372,0.256198347107438,0.2
241,121,56,0.4297520661157025,0.31900826446280994,0.2
242,121,61,0.34710743801652894,0.3520661157024793,0.2
243,125,57,0.384,0.31360000000000005,0.2
244,117,60,0.3247863247863248,0.335042735042735,0.2
245,112,57,0.41964285714285715,0.28214285714285714,0.2
246,121,56,0.38016528925619836,0.36363636363636365,0.4
247,119,58,0.3445378151260504,0.35126050420168065,0.2
248,121,59,0.3884297520661157,0.3173553719008264,0.2
249,117,60,0.4188034188034188,0.3299145299145299,0.2
250,121,58,0.371900826446281,0.33884297520661155,0.2
251,116,57,0.4051724137931034,0.31206896551724145,0.2
252,123,51,0.3821138211382114,0.29430894308943084,0.2
253,122,55,0.3442622950819672,0.3442622950819672,0.2
254,125,58,0.384,0.3104,0.2
255,123,56,0.36585365853658536,0.3203252032520325,0.2
256,122,54,0.36065573770491804,0.3409836065573771,0.2
257,125,54,0.368,0.3024,0.2
258,115,57,0.33043478260869563,0.33043478260869563,0.2
259,115,57,0.3739130434782609,0.3408695652173913,0.2
260,114,59,0.32456140350877194,0.324561403508772,0.2
261,120,58,0.325,0.33000000000000007,0.2
262,119,53,0.40336134453781514,0.2873949579831933,0.2
263,128,59,0.3671875,0.3359375,0.2
264,117,60,0.39316239316239315,0.2991452991452992,0.2
265,117,59,0.41025641025641024,0.29914529914529925,0.2
266,122,58,0.38524590163934425,0.2983606557377049,0.2
267,112,57,0.42857142857142855,0.29464285714285715,0.2
268,126,59,0.3968253968253968,0.2952380952380952,0.2
269,115,53,0.33043478260869563,0.33913043478260874,0.2
270,116,54,0.35344827586206895,0.30689655172413793,0.2
271,117,59,0.3418803418803419,0.3282051282051282,0.2
272,114,60,0.2807017543859649,0.4,0.4
273,117,56,0.38461538461538464,0.2905982905982907,0.2
274,122,50,0.4262295081967213,0.29344262295081963,0.2
275,122,59,0.3360655737704918,0.34918032786885245,0.2
276,120,55,0.35833333333333334,0.33,0.2
277,120,57,0.30833333333333335,0.375,0.4
278,118,56,0.3728813559322034,0.32033898305084746,0.2
279,123,57,0.36585365853658536,0.33495934959349594,0.2
280,122,59,0.36065573770491804,0.3377049180327869,0.2
281,122,58,0.38524590163934425,0.31475409836065577,0.2
282,119,56,0.37815126050420167,0.2823529411764706,0.2
283,122,55,0.3770491803278688,0.33278688524590166,0.2
284,120,59,0.38333333333333336,0.30666666666666664,0.2
285,119,56,0.37815126050420167,0.33781512605042013,0.2
286,115,58,0.4434782608695652,0.28347826086956524,0.2
287,118,57,0.3389830508474576,0.2966101694915254,0.2
288,120,61,0.30833333333333335,0.3333333333333333,0.2
289,126,58,0.3253968253968254,0.346031746031746,0.2
290,116,54,0.3706896551724138,0.313793103448276,0.2
291,117,54,0.42735042735042733,0.3145299145299146,0.2
292,120,60,0.36666666666666664,0.2983333333333333,0.2
293,117,60,0.38461538461538464,0.31965811965811963,0.2
294,122,62,0.38524590163934425,0.31311475409836076,0.2
295,122,59,0.39344262295081966,0.32459016393442625,0.2
296,118,54,0.3728813559322034,0.32881355932203393,0.2
297,118,57,0.3305084745762712,0.3067796610169491,0.2
298,121,56,0.4049586776859504,0.287603305785124,0.2
299,123,56,0.42276422764227645,0.30569105691056914,0.2
300,124,55,0.28225806451612906,0.34354838709677427,0.2
301,124,61,0.4112903225806452,0.3241935483870968,0.2
302,118,59,0.423728813559322,0.3101694915254238,0.2
303,119,57,0.31092436974789917,0.3344537815126051,0.2
304,124,56,0.3387096774193548,0.31290322580645163,0.2
305,123,61,0.3252032520325203,0.3365853658536585,0.2
306,122,58,0.39344262295081966,0.30327868852459017,0.2
307,117,59,0.358974358974359,0.3025641025641026,0.2
308,121,59,0.39669421487603307,0.3239669421487604,0.2
309,120,59,0.35,0.3733333333333333,0.4
310,116,54,0.35344827586206895,0.3189655172413794,0.2
311,128,56,0.4375,0.296875,0.2
312,124,54,0.3870967741935484,0.34516129032258064,0.2
313,115,54,0.3565217391304348,0.3617391304347826,0.2
314,117,58,0.358974358974359,0.3333333333333333,0.2
315,119,52,0.3697478991596639,0.3344537815126051,0.2
316,121,50,0.38016528925619836,0.30743801652892566,0.2
317,117,57,0.3247863247863248,0.36239316239316244,0.4
318,125,56,0.44,0.30080000000000007,0.2
319,121,55,0.3884297520661157,0.2528925619834711,0.2
320,126,56,0.38095238095238093,0.29365079365079366,0.2
321,118,62,0.3728813559322034,0.33389830508474583,0.2
322,121,55,0.4132231404958678,0.2727272727272727,0.2
323,119,62,0.3277310924369748,0.3478991596638656,0.2
324,125,58,0.408,0.304,0.2
325,117,55,0.3333333333333333,0.3435897435897436,0.4
326,112,56,0.4017857142857143,0.29821428571428577,0.2
327,122,56,0.3770491803278688,0.30327868852459017,0.2
328,117,53,0.41025641025641024,0.29743589743589743,0.2
329,116,60,0.3620689655172414,0.3051724137931035,0.2
330,111,57,0.34234234234234234,0.3333333333333333,0.2
331,119,62,0.35294117647058826,0.3327731092436976,0.2
332,120,62,0.375,0.3,0.2
333,120,64,0.375,0.31666666666666665,0.2
334,123,50,0.3252032520325203,0.3056910569105692,0.2
335,115,56,0.34782608695652173,0.3095652173913044,0.2
336,113,56,0.336283185840708,0.32743362831858414,0.2
337,116,65,0.39655172413793105,0.28448275862068967,0.2
338,116,62,0.3793103448275862,0.28448275862068967,0.2
339,128,56,0.3984375,0.29375000000000007,0.2
340,122,60,0.36885245901639346,0.31311475409836076,0.2
341,121,57,0.39669421487603307,0.2991735537190082,0.2
342,120,58,0.4166666666666667,0.27666666666666667,0.2
343,128,55,0.359375,0.34375,0.2
344,120,60,0.36666666666666664,0.32333333333333336,0.2
345,125,54,0.36,0.32160000000000005,0.2
346,121,58,0.4132231404958678,0.3041322314049587,0.2
347,120,57,0.3416666666666667,0.35,0.4
348,120,60,0.36666666666666664,0.35500000000000004,0.2
349,126,52,0.38095238095238093,0.33015873015873015,0.2
350,125,54,0.424,0.3536,0.2
351,123,54,0.4146341463414634,0.28292682926829266,0.2
352,118,57,0.3813559322033898,0.31694915254237294,0.2
353,117,54,0.42735042735042733,0.33846153846153854,0.2
354,121,53,0.35537190082644626,0.3404958677685951,0.2
355,125,57,0.416,0.2784000000000001,0.2
356,121,51,0.3305785123966942,0.3421487603305785,0.2
357,123,54,0.4634146341463415,0.25203252032520324,0.2
358,122,55,0.3360655737704918,0.3491803278688525,0.2
359,117,61,0.358974358974359,0.3555555555555555,0.4
360,111,58,0.4144144144144144,0.2936936936936937,0.2
361,122,60,0.3770491803278688,0.3262295081967214,0.2
362,118,56,0.3559322033898305,0.35423728813559324,0.2
363,121,57,0.4132231404958678,0.32066115702479336,0.2
364,118,56,0.3559322033898305,0.33050847457627114,0.2
365,118,54,0.4491525423728814,0.2627118644067797,0.2
366,114,59,0.4298245614035088,0.2736842105263158,0.2
367,119,52,0.4117647058823529,0.3109243697478992,0.2
368,115,57,0.3739130434782609,0.3321739130434782,0.2
369,116,56,0.3275862068965517,0.3362068965517242,0.2
370,123,57,0.3902439024390244,0.3333333333333333,0.2
371,124,56,0.3870967741935484,0.3322580645161291,0.2
372,119,56,0.4117647058823529,0.30924369747899155,0.2
373,123,61,0.3902439024390244,0.30406504065040657,0.2
374,116,64,0.3448275862068966,0.33965517241379317,0.2
375,120,56,0.36666666666666664,0.335,0.2
376,124,58,0.4032258064516129,0.2887096774193549,0.2
377,118,58,0.3898305084745763,0.2711864406779661,0.2
378,117,58,0.38461538461538464,0.3076923076923077,0.2
379,121,61,0.3884297520661157,0.3338842975206611,0.2
380,110,53,0.42727272727272725,0.27272727272727276,0.2
381,116,58,0.33620689655172414,0.3155172413793104,0.2
382,123,57,0.4146341463414634,0.31382113821138213,0.2
383,117,61,0.42735042735042733,0.27350427350427353,0.2
384,120,66,0.43333333333333335,0.28666666666666674,0.2
385,129,55,0.35658914728682173,0.3441860465116279,0.2
386,123,57,0.36585365853658536,0.34146341463414637,0.2
387,123,56,0.42276422764227645,0.28943089430894314,0.2
388,122,54,0.32786885245901637,0.3278688524590164,0.2
389,120,51,0.375,0.36000000000000004,0.2
390,115,59,0.40869565217391307,0.26956521739130435,0.2
391,120,57,0.36666666666666664,0.3516666666666666,0.2
392,125,60,0.296,0.35679999999999995,0.4
393,128,48,0.328125,0.3359375,0.2
394,115,57,0.3652173913043478,0.3078260869565218,0.2
395,121,57,0.4049586776859504,0.2859504132231405,0.2
396,119,61,0.3949579831932773,0.2873949579831933,0.2
397,128,61,0.3359375,0.375,0.4
398,119,59,0.31092436974789917,0.373109243697479,0.4
399,122,59,0.319672131147541,0.35409836065573774,0.2
400,124,52,0.4435483870967742,0.26290322580645165,0.2
401,114,56,0.4649122807017544,0.2789473684210526,0.2
402,121,57,0.3305785123966942,0.35206611570247937,0.2
403,128,53,0.4140625,0.303125,0.2
404,116,55,0.43103448275862066,0.3034482758620689,0.2
405,116,57,0.45689655172413796,0.2689655172413793,0.2
406,120,60,0.35833333333333334,0.29500000000000004,0.2
407,112,60,0.41964285714285715,0.2857142857142857,0.2
408,117,56,0.3333333333333333,0.3025641025641027,0.2
409,114,57,0.3333333333333333,0.3368421052631579,0.2
410,125,59,0.352,0.312,0.2
411,119,61,0.40336134453781514,0.304201680672269,0.2
412,115,60,0.3391304347826087,0.33391304347826084,0.2
413,118,61,0.288135593220339,0.36779661016949156,0.4
414,125,56,0.384,0.3376,0.2
415,113,55,0.40707964601769914,0.30265486725663715,0.2
416,117,59,0.3418803418803419,0.3299145299145298,0.2
417,129,54,0.43410852713178294,0.2651162790697675,0.2
418,128,58,0.421875,0.3140625,0.2
419,117,59,0.4017094017094017,0.29914529914529914,0.2
420,126,60,0.4126984126984127,0.29365079365079366,0.2
421,121,59,0.4297520661157025,0.2892561983471074,0.2
422,118,59,0.3559322033898305,0.35593220338983056,0.2
423,124,57,0.3467741935483871,0.2887096774193549,0.2
424,127,51,0.4330708661417323,0.27559055118110243,0.2
425,126,61,0.40476190476190477,0.3206349206349207,0.2
426,123,52,0.3333333333333333,0.375609756097561,0.2
427,118,53,0.3983050847457627,0.2932203389830508,0.2
428,125,62,0.44,0.2800000000000001,0.2
429,118,56,0.3813559322033898,0.3135593220338983,0.2
430,126,58,0.31746031746031744,0.3476190476190476,0.2
431,125,59,0.416,0.29919999999999997,0.2
432,121,59,0.4462809917355372,0.2975206611570248,0.2
433,119,57,0.42016806722689076,0.30252100840336127,0.2
434,122,55,0.30327868852459017,0.359016393442623,0.2
435,120,56,0.35833333333333334,0.3316666666666667,0.2
436,114,54,0.3333333333333333,0.37192982456140344,0.4
437,120,56,0.39166666666666666,0.2966666666666667,0.2
438,116,55,0.3879310344827586,0.32931034482758614,0.2
439,123,55,0.3902439024390244,0.27967479674796747,0.2
440,116,60,0.43103448275862066,0.2637931034482759,0.2
441,119,56,0.31092436974789917,0.3310924369747899,0.2
442,116,58,0.5172413793103449,0.22413793103448276,0.0
443,114,57,0.30701754385964913,0.37894736842105264,0.4
444,120,59,0.375,0.31833333333333336,0.2
445,127,63,0.4015748031496063,0.3244094488188977,0.2
446,121,60,0.371900826446281,0.3371900826446281,0.2
447,119,52,0.453781512605042,0.28403361344537825,0.2
448,115,57,0.30434782608695654,0.34608695652173915,0.4
449,130,56,0.3769230769230769,0.32000000000000006,0.2
450,125,54,0.36,0.3328,0.2
451,118,58,0.4067796610169492,0.2966101694915254,0.2
452,122,57,0.36065573770491804,0.32622950819672136,0.2
453,120,57,0.375,0.2916666666666667,0.2
454,120,58,0.31666666666666665,0.3316666666666667,0.2
455,130,57,0.3769230769230769,0.34615384615384615,0.2
456,117,52,0.3418803418803419,0.33333333333333337,0.2
457,114,60,0.37719298245614036,0.3192982456140351,0.2
458,133,54,0.39849624060150374,0.31127819548872177,0.2
459,122,64,0.319672131147541,0.3655737704918033,0.2
460,116,53,0.4051724137931034,0.2879310344827587,0.2
461,124,59,0.3709677419354839,0.30483870967741944,0.2
462,129,56,0.3798449612403101,0.30387596899224806,0.2
463,127,58,0.3937007874015748,0.3448818897637795,0.2
464,123,58,0.37398373983739835,0.35284552845528455,0.4
465,126,61,0.4126984126984127,0.30793650793650795,0.2
466,126,65,0.3968253968253968,0.3063492063492064,0.2
467,120,58,0.30833333333333335,0.3433333333333333,0.2
468,114,63,0.41228070175438597,0.3087719298245614,0.2
469,119,53,0.3445378151260504,0.2974789915966387,0.2
470,109,54,0.29357798165137616,0.37981651376146797,0.4
471,120,65,0.35,0.31666666666666665,0.2
472,120,59,0.44166666666666665,0.28,0.2
473,130,54,0.36153846153846153,0.36615384615384616,0.30000000000000004
474,110,55,0.42727272727272725,0.26181818181818184,0.2
475,120,57,0.4166666666666667,0.2916666666666667,0.2
476,129,55,0.3875968992248062,0.29147286821705426,0.2
477,112,51,0.3482142857142857,0.32142857142857145,0.2
478,119,56,0.4369747899159664,0.304201680672269,0.2
479,125,59,0.344,0.2992,0.2
480,121,63,0.36363636363636365,0.3206611570247934,0.2
481,120,57,0.4166666666666667,0.2700000000000001,0.2
482,110,56,0.35454545454545455,0.3290909090909091,0.2
483,120,59,0.3416666666666667,0.32333333333333336,0.2
484,118,62,0.4322033898305085,0.3084745762711864,0.2
485,118,59,0.3559322033898305,0.29661016949152547,0.2
486,126,60,0.3888888888888889,0.31746031746031744,0.2
487,119,58,0.25210084033613445,0.38655462184873957,0.4
488,121,51,0.33884297520661155,0.3305785123966942,0.2
489,123,52,0.3821138211382114,0.30569105691056914,0.2
490,120,55,0.4083333333333333,0.32000000000000006,0.2
491,123,57,0.3821138211382114,0.3073170731707317,0.2
492,122,61,0.4098360655737705,0.3131147540983607,0.2
493,116,59,0.33620689655172414,0.3620689655172414,0.4
494,128,58,0.453125,0.2671875,0.2
495,114,55,0.35964912280701755,0.3210526315789474,0.2
496,118,52,0.5084745762711864,0.2288135593220339,0.0
497,123,55,0.42276422764227645,0.27642276422764234,0.2
498,126,63,0.4126984126984127,0.3031746031746032,0.2
499,115,60,0.3826086956521739,0.32695652173913037,0.2
500,119,61,0.3697478991596639,0.3277310924369748,0.2
501,118,60,0.3474576271186441,0.3220338983050847,0.2
502,121,57,0.36363636363636365,0.33223140495867765,0.2
503,130,59,0.36923076923076925,0.28769230769230775,0.2
504,126,59,0.35714285714285715,0.35079365079365077,0.2
505,118,60,0.3728813559322034,0.2949152542372881,0.2
506,122,57,0.4016393442622951,0.32131147540983607,0.2
507,115,64,0.34782608695652173,0.3269565217391304,0.2
508,121,59,0.36363636363636365,0.2909090909090909,0.2
509,118,60,0.3050847457627119,0.38813559322033897,0.4
510,118,54,0.4322033898305085,0.26610169491525426,0.2
511,113,60,0.34513274336283184,0.3150442477876106,0.2
512,120,59,0.4166666666666667,0.2783333333333334,0.2
513,120,56,0.38333333333333336,0.33000000000000007,0.2
514,122,63,0.3360655737704918,0.33114754098360655,0.2
515,124,56,0.3951612903225806,0.3096774193548387,0.2
516,113,59,0.37168141592920356,0.3026548672566372,0.2
517,120,58,0.375,0.29000000000000004,0.2
518,115,63,0.41739130434782606,0.3060869565217391,0.2
519,123,59,0.3252032520325203,0.375609756097561,0.2
520,118,62,0.3644067796610169,0.31694915254237294,0.2
521,120,58,0.35,0.325,0.2
522,124,58,0.43548387096774194,0.3064516129032258,0.2
523,115,52,0.34782608695652173,0.27652173913043476,0.2
524,124,55,0.3387096774193548,0.33387096774193553,0.2
525,120,53,0.375,0.32000000000000006,0.2
526,120,60,0.43333333333333335,0.305,0.2
527,122,57,0.47540983606557374,0.28688524590163933,0.2
528,124,59,0.3709677419354839,0.31451612903225806,0.2
529,116,52,0.3879310344827586,0.3310344827586207,0.2
530,122,61,0.32786885245901637,0.3524590163934427,0.4
531,118,55,0.3559322033898305,0.3152542372881357,0.2
532,123,55,0.4065040650406504,0.29593495934959346,0.2
533,120,58,0.4,0.31333333333333335,0.2
534,117,56,0.4444444444444444,0.2803418803418804,0.2
535,117,57,0.358974358974359,0.36410256410256403,0.4
536,113,56,0.3805309734513274,0.3433628318584071,0.2
537,113,60,0.4247787610619469,0.2867256637168142,0.2
538,118,55,0.4152542372881356,0.29152542372881357,0.2
539,125,57,0.352,0.3632,0.2
540,131,61,0.3511450381679389,0.32977099236641216,0.2
541,118,56,0.3898305084745763,0.27796610169491526,0.2
542,125,54,0.408,0.3568,0.2
543,117,63,0.2905982905982906,0.39316239316239315,0.4
544,114,55,0.3333333333333333,0.3719298245614035,0.2
545,121,57,0.32231404958677684,0.3752066115702479,0.4
546,120,55,0.425,0.29000000000000004,0.2
547,118,57,0.4152542372881356,0.31525423728813556,0.2
548,121,57,0.38016528925619836,0.3123966942148761,0.2
549,121,62,0.34710743801652894,0.315702479338843,0.2
550,126,59,0.373015873015873,0.2904761904761905,0.2
551,118,54,0.3474576271186441,0.34745762711864403,0.2
552,116,58,0.43103448275862066,0.26034482758620686,0.2
553,118,57,0.3983050847457627,0.28474576271186447,0.2
554,119,61,0.35294117647058826,0.3596638655462185,0.2
555,121,51,0.35537190082644626,0.37190082644628103,0.4
556,124,52,0.3709677419354839,0.3370967741935484,0.2
557,124,51,0.33064516129032256,0.3338709677419356,0.2
558,112,56,0.4107142857142857,0.3125,0.2
559,111,56,0.36036036036036034,0.2936936936936937,0.2
560,122,62,0.38524590163934425,0.31311475409836065,0.2
561,114,58,0.38596491228070173,0.3140350877192983,0.2
562,124,52,0.3064516129032258,0.3516129032258065,0.2
563,113,60,0.3893805309734513,0.2920353982300885,0.2
564,122,52,0.3360655737704918,0.3524590163934426,0.2
565,121,56,0.30578512396694213,0.3752066115702479,0.2
566,120,58,0.39166666666666666,0.305,0.2
567,122,56,0.4016393442622951,0.30327868852459017,0.2
568,117,52,0.38461538461538464,0.2940170940170941,0.2
569,122,61,0.4262295081967213,0.2770491803278689,0.2
570,126,52,0.3492063492063492,0.3158730158730159,0.2
571,118,54,0.3898305084745763,0.26101694915254237,0.2
572,120,58,0.30833333333333335,0.3533333333333334,0.2
573,123,57,0.36585365853658536,0.31544715447154476,0.2
574,123,55,0.35772357723577236,0.3447154471544716,0.2
575,123,56,0.4065040650406504,0.2959349593495935,0.2
576,119,61,0.36134453781512604,0.3025210084033613,0.2
577,124,57,0.4032258064516129,0.29032258064516137,0.2
578,130,60,0.36153846153846153,0.34615384615384615,0.4
579,117,56,0.358974358974359,0.35042735042735035,0.4
580,123,59,0.3983739837398374,0.32845528455284556,0.2
581,124,60,0.4032258064516129,0.3048387096774194,0.2
582,117,56,0.3162393162393162,0.358974358974359,0.4
583,120,53,0.36666666666666664,0.29333333333333333,0.2
584,121,58,0.2727272727272727,0.3586776859504132,0.2
585,119,59,0.42857142857142855,0.29411764705882354,0.2
586,119,60,0.4117647058823529,0.31428571428571433,0.2
587,118,56,0.4830508474576271,0.2440677966101695,0.2
588,135,54,0.3851851851851852,0.317037037037037,0.2
589,119,51,0.3277310924369748,0.3025210084033613,0.2
590,119,53,0.33613445378151263,0.32268907563025223,0.2
591,118,53,0.3389830508474576,0.3406779661016949,0.2
592,125,56,0.424,0.3152,0.2
593,120,53,0.36666666666666664,0.32333333333333336,0.2
594,117,57,0.42735042735042733,0.2854700854700855,0.2
595,119,58,0.3949579831932773,0.3109243697478992,0.2
596,119,58,0.42016806722689076,0.32268907563025206,0.2
597,125,57,0.368,0.32959999999999995,0.2
598,119,60,0.2689075630252101,0.3411764705882354,0.2
599,120,55,0.425,0.26666666666666666,0.2
600,125,61,0.448,0.27519999999999994,0.2
601,123,56,0.37398373983739835,0.3073170731707318,0.2
602,124,56,0.3629032258064516,0.3080645161290323,0.2
603,122,59,0.36065573770491804,0.3180327868852459,0.2
604,118,56,0.3559322033898305,0.3084745762711864,0.2
605,124,56,0.3709677419354839,0.3419354838709677,0.2
606,126,61,0.3253968253968254,0.3190476190476191,0.2
607,112,52,0.2857142857142857,0.32857142857142857,0.2
608,119,57,0.2605042016806723,0.3310924369747899,0.2
609,115,53,0.3565217391304348,0.3078260869565218,0.2
610,121,56,0.38016528925619836,0.33719008264462813,0.2
611,130,59,0.3923076923076923,0.3,0.2
612,129,58,0.3488372093023256,0.3333333333333333,0.2
613,125,58,0.352,0.3360000000000001,0.2
614,125,59,0.336,0.30400000000000005,0.2
615,118,59,0.3220338983050847,0.33898305084745767,0.2
616,121,52,0.35537190082644626,0.30743801652892566,0.2
617,117,53,0.36752136752136755,0.3384615384615385,0.2
618,123,56,0.3252032520325203,0.3170731707317073,0.2
619,120,59,0.38333333333333336,0.3533333333333334,0.2
620,126,61,0.42857142857142855,0.29365079365079366,0.2
621,116,53,0.3620689655172414,0.31034482758620696,0.2
622,128,59,0.4140625,0.3140625,0.2
623,123,54,0.22764227642276422,0.43902439024390244,0.4
624,112,56,0.33035714285714285,0.3785714285714286,0.4
625,124,63,0.3870967741935484,0.31129032258064515,0.2
626,118,62,0.3813559322033898,0.3338983050847458,0.2
627,125,57,0.336,0.3328,0.2
628,126,57,0.3492063492063492,0.3301587301587301,0.2
629,120,55,0.35,0.36000000000000004,0.2
630,122,57,0.38524590163934425,0.27540983606557384,0.2
631,116,53,0.3793103448275862,0.30172413793103453,0.2
632,121,55,0.3884297520661157,0.2809917355371901,0.2
633,129,56,0.34108527131782945,0.36279069767441857,0.4
634,116,59,0.3448275862068966,0.34482758620689646,0.2
635,119,61,0.36134453781512604,0.3445378151260504,0.2
636,119,52,0.3865546218487395,0.3310924369747899,0.2
637,123,57,0.42276422764227645,0.2894308943089431,0.2
638,119,59,0.31092436974789917,0.37815126050420167,0.4
639,119,53,0.35294117647058826,0.3294117647058824,0.2
640,123,57,0.36585365853658536,0.3495934959349594,0.2
641,119,58,0.37815126050420167,0.3327731092436974,0.2
642,122,53,0.36065573770491804,0.33442622950819667,0.2
643,122,57,0.3360655737704918,0.339344262295082,0.2
644,119,57,0.33613445378151263,0.35798319327731093,0.4
645,121,57,0.35537190082644626,0.32066115702479336,0.2
646,123,56,0.37398373983739835,0.3284552845528455,0.2
647,118,58,0.4491525423728814,0.3,0.2
648,122,61,0.36065573770491804,0.3147540983606557,0.2
649,128,60,0.3984375,0.32343750000000004,0.2
650,121,56,0.36363636363636365,0.3289256198347108,0.2
651,116,59,0.3448275862068966,0.33275862068965517,0.2
652,115,56,0.3391304347826087,0.3460869565217391,0.2
653,117,61,0.39316239316239315,0.3162393162393162,0.2
654,120,53,0.38333333333333336,0.29333333333333333,0.2
655,124,54,0.3225806451612903,0.34193548387096767,0.30000000000000004
656,124,56,0.33064516129032256,0.35322580645161294,0.2
657,117,57,0.3418803418803419,0.29914529914529914,0.2
658,119,58,0.42016806722689076,0.2554621848739496,0.2
659,121,59,0.2892561983471074,0.371900826446281,0.2
660,117,58,0.3162393162393162,0.37094017094017084,0.2
661,118,56,0.3474576271186441,0.3203389830508475,0.2
662,122,61,0.38524590163934425,0.319672131147541,0.2
663,128,59,0.328125,0.31562500000000004,0.2
664,115,60,0.26956521739130435,0.3791304347826087,0.4
665,120,52,0.30833333333333335,0.35666666666666663,0.4
666,120,60,0.30833333333333335,0.3416666666666667,0.2
667,122,57,0.319672131147541,0.38032786885245906,0.4
668,123,53,0.36585365853658536,0.3105691056910569,0.2
669,118,58,0.3644067796610169,0.34237288135593225,0.2
670,120,59,0.35833333333333334,0.3366666666666667,0.2
671,124,59,0.2903225806451613,0.34838709677419355,0.2
672,122,64,0.3770491803278688,0.3475409836065574,0.2
673,112,55,0.36607142857142855,0.3178571428571429,0.2
674,121,57,0.32231404958677684,0.30247933884297523,0.2
675,113,58,0.46017699115044247,0.26548672566371684,0.2
676,118,57,0.3389830508474576,0.3440677966101695,0.2
677,122,57,0.4918032786885246,0.2721311475409836,0.2
678,117,52,0.39316239316239315,0.323076923076923,0.2
679,118,60,0.3305084745762712,0.3305084745762712,0.2
680,119,60,0.37815126050420167,0.3327731092436974,0.2
681,121,55,0.33884297520661155,0.34049586776859503,0.4
682,116,58,0.3879310344827586,0.2741379310344828,0.2
683,120,60,0.3416666666666667,0.33000000000000007,0.2
684,125,56,0.36,0.3312,0.2
685,114,60,0.42105263157894735,0.2631578947368421,0.2
686,120,59,0.38333333333333336,0.29000000000000004,0.2
687,118,52,0.3644067796610169,0.30847457627118635,0.2
688,114,55,0.41228070175438597,0.2912280701754386,0.2
689,117,59,0.3333333333333333,0.34529914529914535,0.2
690,122,55,0.3442622950819672,0.319672131147541,0.2
691,120,58,0.4083333333333333,0.26999999999999996,0.2
692,114,56,0.39473684210526316,0.3000000000000001,0.2
693,118,65,0.3728813559322034,0.31694915254237294,0.2
694,119,56,0.37815126050420167,0.3243697478991597,0.2
695,117,59,0.358974358974359,0.3145299145299146,0.2
696,124,60,0.4032258064516129,0.3129032258064517,0.2
697,125,56,0.416,0.29760000000000003,0.2
698,118,59,0.3559322033898305,0.3067796610169491,0.2
699,113,52,0.3805309734513274,0.31327433628318585,0.2
700,127,54,0.41732283464566927,0.2566929133858268,0.2
701,125,62,0.424,0.31200000000000006,0.2
702,119,58,0.3949579831932773,0.3025210084033613,0.2
703,120,60,0.425,0.2833333333333333,0.2
704,125,53,0.4,0.29760000000000003,0.2
705,122,57,0.3770491803278688,0.2983606557377049,0.2
706,125,58,0.384,0.3200000000000001,0.2
707,124,58,0.3709677419354839,0.3258064516129033,0.2
708,116,60,0.39655172413793105,0.2724137931034483,0.2
709,124,56,0.3548387096774194,0.3032258064516129,0.2
710,123,57,0.3089430894308943,0.3723577235772358,0.2
711,125,57,0.312,0.37279999999999996,0.4
712,122,59,0.4426229508196721,0.26885245901639343,0.2
713,118,60,0.3220338983050847,0.3508474576271187,0.2
714,120,59,0.3416666666666667,0.29,0.2
715,116,60,0.3620689655172414,0.32068965517241377,0.2
716,123,54,0.4065040650406504,0.30406504065040657,0.2
717,124,60,0.4112903225806452,0.31612903225806455,0.2
718,129,53,0.3875968992248062,0.3178294573643411,0.2
719,120,53,0.3416666666666667,0.2983333333333334,0.2
720,120,56,0.35,0.3383333333333333,0.2
721,114,57,0.37719298245614036,0.28947368421052627,0.2
722,120,58,0.4083333333333333,0.26333333333333336,0.2
723,130,60,0.35384615384615387,0.3338461538461539,0.2
724,119,58,0.42016806722689076,0.30420168067226894,0.2
725,125,58,0.36,0.28800000000000003,0.2
726,121,59,0.36363636363636365,0.34380165289256204,0.2
727,118,53,0.2966101694915254,0.33728813559322035,0.2
728,117,61,0.39316239316239315,0.2820512820512821,0.2
729,121,58,0.3884297520661157,0.30743801652892566,0.2
730,110,55,0.3090909090909091,0.34363636363636374,0.2
731,120,52,0.35833333333333334,0.32999999999999996,0.2
732,126,57,0.3492063492063492,0.33492063492063495,0.2
733,117,59,0.2905982905982906,0.347008547008547,0.2
734,115,57,0.3130434782608696,0.3147826086956522,0.2
735,115,61,0.3826086956521739,0.30782608695652164,0.2
736,122,59,0.4180327868852459,0.26885245901639343,0.2
737,120,58,0.36666666666666664,0.3333333333333333,0.2
738,125,56,0.384,0.30240000000000006,0.2
739,131,54,0.4122137404580153,0.3160305343511451,0.2
740,123,56,0.4146341463414634,0.29918699186991876,0.2
741,128,53,0.4453125,0.29375,0.2
742,124,52,0.49193548387096775,0.2806451612903226,0.2
743,121,61,0.36363636363636365,0.3305785123966942,0.2
744,120,60,0.4083333333333333,0.31,0.2
745,118,56,0.3728813559322034,0.3254237288135594,0.2
746,123,63,0.37398373983739835,0.3252032520325203,0.2
747,117,63,0.3076923076923077,0.35555555555555557,0.2
748,117,58,0.4700854700854701,0.25982905982905985,0.2
749,130,58,0.4307692307692308,0.3,0.2
750,126,61,0.3253968253968254,0.34444444444444444,0.4
751,125,54,0.312,0.3616,0.4
752,120,63,0.43333333333333335,0.3116666666666667,0.2
753,119,55,0.3949579831932773,0.26218487394957984,0.2
754,118,56,0.3305084745762712,0.3016949152542374,0.2
755,124,65,0.4112903225806452,0.29838709677419356,0.2
756,119,58,0.42857142857142855,0.28403361344537814,0.2
757,119,62,0.33613445378151263,0.3378151260504202,0.2
758,123,57,0.3902439024390244,0.32032520325203256,0.2
759,120,56,0.35,0.3316666666666667,0.2
760,113,58,0.3805309734513274,0.32389380530973455,0.2
761,114,53,0.39473684210526316,0.31052631578947365,0.2
762,109,57,0.3394495412844037,0.33394495412844033,0.2
763,120,57,0.4083333333333333,0.31166666666666665,0.2
764,114,54,0.4298245614035088,0.26842105263157895,0.2
765,116,55,0.4396551724137931,0.2844827586206897,0.2
766,120,55,0.4083333333333333,0.24833333333333338,0.2
767,122,57,0.36065573770491804,0.3114754098360656,0.2
768,120,53,0.325,0.3483333333333334,0.2
769,125,62,0.408,0.3232,0.2
770,134,56,0.3283582089552239,0.3238805970149254,0.2
771,116,57,0.4396551724137931,0.27586206896551724,0.2
772,117,59,0.3418803418803419,0.3504273504273504,0.2
773,122,62,0.36065573770491804,0.32131147540983607,0.2
774,120,59,0.4083333333333333,0.28666666666666674,0.2
775,118,51,0.3644067796610169,0.32542372881355935,0.2
776,118,58,0.3644067796610169,0.3389830508474576,0.2
777,117,56,0.39316239316239315,0.3042735042735043,0.2
778,118,61,0.4152542372881356,0.30169491525423725,0.2
779,115,54,0.33043478260869563,0.3408695652173913,0.2
780,120,60,0.39166666666666666,0.3216666666666667,0.2
781,127,50,0.3464566929133858,0.31496062992125984,0.2
782,117,57,0.4188034188034188,0.2854700854700855,0.2
783,128,60,0.421875,0.25312500000000004,0.2
784,123,57,0.43089430894308944,0.3056910569105692,0.2
785,118,58,0.4322033898305085,0.29322033898305083,0.2
786,123,58,0.25203252032520324,0.3886178861788618,0.4
787,119,60,0.3025210084033613,0.3327731092436976,0.2
788,116,59,0.31896551724137934,0.33793103448275863,0.2
789,121,59,0.3884297520661157,0.3008264462809917,0.2
790,124,57,0.45161290322580644,0.2532258064516129,0.2
791,121,61,0.3305785123966942,0.33719008264462813,0.2
792,120,55,0.3416666666666667,0.3333333333333333,0.2
793,113,60,0.4336283185840708,0.2831858407079646,0.2
794,126,54,0.2777777777777778,0.3619047619047619,0.4
795,123,57,0.34959349593495936,0.29918699186991876,0.2
796,121,56,0.3140495867768595,0.3834710743801653,0.4
797,117,53,0.4188034188034188,0.2923076923076923,0.2
798,110,54,0.3090909090909091,0.34363636363636363,0.2
799,126,63,0.373015873015873,0.33968253968253964,0.2
800,117,55,0.4017094017094017,0.29914529914529914,0.2
801,122,56,0.29508196721311475,0.3721311475409836,0.4
802,121,54,0.30578512396694213,0.3338842975206612,0.2
803,113,58,0.3805309734513274,0.29734513274336277,0.2
804,122,49,0.30327868852459017,0.3704918032786886,0.2
805,113,60,0.336283185840708,0.34159292035398237,0.2
806,120,58,0.35833333333333334,0.32999999999999996,0.2
807,116,63,0.46551724137931033,0.2603448275862069,0.2
808,118,60,0.3644067796610169,0.3491525423728814,0.2
809,126,60,0.31746031746031744,0.33174603174603173,0.2
810,119,55,0.35294117647058826,0.3327731092436976,0.2
811,118,57,0.3644067796610169,0.3322033898305085,0.2
812,119,62,0.33613445378151263,0.334453781512605,0.2
813,116,62,0.41379310344827586,0.27413793103448275,0.2
814,125,57,0.304,0.3616,0.4
815,114,57,0.37719298245614036,0.32982456140350885,0.2
816,118,54,0.3644067796610169,0.35084745762711855,0.30000000000000004
817,117,60,0.4017094017094017,0.2974358974358975,0.2
818,120,59,0.4083333333333333,0.2866666666666667,0.2
819,127,55,0.44881889763779526,0.25669291338582684,0.2
820,112,52,0.4375,0.275,0.2
821,117,57,0.3247863247863248,0.376068376068376,0.4
822,116,54,0.3879310344827586,0.31034482758620696,0.2
823,120,59,0.39166666666666666,0.325,0.2
824,119,58,0.46218487394957986,0.27731092436974797,0.2
825,127,56,0.48031496062992124,0.28188976377952757,0.2
826,126,56,0.3253968253968254,0.3444444444444445,0.2
827,119,59,0.4117647058823529,0.31596638655462184,0.2
828,122,57,0.3360655737704918,0.3229508196721312,0.2
829,111,53,0.5045045045045045,0.26486486486486494,0.0
830,115,61,0.41739130434782606,0.27652173913043476,0.2
831,128,56,0.4296875,0.303125,0.2
832,119,52,0.4369747899159664,0.2571428571428571,0.2
833,117,60,0.3418803418803419,0.32307692307692315,0.2
834,122,62,0.4098360655737705,0.2918032786885246,0.2
835,119,60,0.3445378151260504,0.2991596638655464,0.2
836,114,61,0.35964912280701755,0.3263157894736842,0.2
837,124,50,0.3790322580645161,0.3290322580645161,0.2
838,123,57,0.34959349593495936,0.3609756097560976,0.2
839,120,54,0.2916666666666667,0.36000000000000004,0.30000000000000004
840,117,62,0.36752136752136755,0.33675213675213667,0.2
841,117,56,0.4017094017094017,0.2837606837606838,0.2
842,117,60,0.41025641025641024,0.3094017094017094,0.2
843,122,65,0.36065573770491804,0.3295081967213115,0.2
844,122,58,0.3360655737704918,0.3459016393442623,0.2
845,124,51,0.49193548387096775,0.264516129032258,0.2
846,126,62,0.40476190476190477,0.3301587301587302,0.2
847,115,59,0.3739130434782609,0.3217391304347826,0.2
848,122,59,0.3524590163934426,0.32786885245901637,0.2
849,124,58,0.3387096774193548,0.33548387096774196,0.2
850,124,60,0.3629032258064516,0.34032258064516135,0.2
851,123,59,0.42276422764227645,0.29918699186991876,0.2
852,122,61,0.3524590163934426,0.34262295081967215,0.4
853,122,64,0.3524590163934426,0.3163934426229508,0.2
854,119,55,0.3445378151260504,0.3092436974789917,0.2
855,122,50,0.36065573770491804,0.3163934426229509,0.2
856,123,56,0.3902439024390244,0.3414634146341464,0.2
857,121,51,0.33884297520661155,0.32231404958677684,0.2
858,116,56,0.41379310344827586,0.2672413793103448,0.2
859,117,54,0.38461538461538464,0.30085470085470084,0.2
860,122,59,0.3360655737704918,0.35081967213114756,0.4
861,122,62,0.4344262295081967,0.2754098360655738,0.2
862,122,63,0.4344262295081967,0.3081967213114754,0.2
863,120,58,0.325,0.34500000000000003,0.4
864,118,51,0.4067796610169492,0.3152542372881355,0.2
865,127,54,0.3700787401574803,0.3307086614173229,0.2
866,115,62,0.3391304347826087,0.3234782608695652,0.2
867,123,54,0.35772357723577236,0.3154471544715447,0.2
868,127,62,0.4645669291338583,0.26771653543307095,0.2
869,126,55,0.3968253968253968,0.319047619047619,0.2
870,113,56,0.4336283185840708,0.27964601769911507,0.2
871,116,57,0.3879310344827586,0.28448275862068967,0.2
872,122,60,0.3770491803278688,0.3098360655737705,0.2
873,113,59,0.26548672566371684,0.3858407079646018,0.4
874,115,62,0.41739130434782606,0.27478260869565213,0.2
875,115,54,0.34782608695652173,0.2956521739130436,0.2
876,121,53,0.4049586776859504,0.2809917355371901,0.2
877,123,52,0.3170731707317073,0.3170731707317074,0.2
878,125,57,0.408,0.30879999999999996,0.2
879,118,58,0.4322033898305085,0.3254237288135593,0.2
880,121,56,0.3884297520661157,0.3305785123966942,0.2
881,116,54,0.3879310344827586,0.31551724137931036,0.2
882,120,55,0.39166666666666666,0.28500000000000003,0.2
883,113,60,0.36283185840707965,0.33097345132743367,0.2
884,119,55,0.3697478991596639,0.3243697478991597,0.2
885,116,56,0.45689655172413796,0.3017241379310345,0.2
886,123,53,0.3902439024390244,0.32357723577235775,0.2
887,122,55,0.3442622950819672,0.33442622950819667,0.2
888,124,56,0.3870967741935484,0.30000000000000004,0.2
889,123,51,0.2926829268292683,0.33333333333333326,0.2
890,115,58,0.5043478260869565,0.26608695652173914,0.0
891,126,53,0.373015873015873,0.32063492063492066,0.2
892,119,56,0.35294117647058826,0.3025210084033613,0.2
893,118,54,0.3983050847457627,0.3067796610169492,0.2
894,116,61,0.3275862068965517,0.30172413793103453,0.2
895,125,56,0.36,0.32,0.2
896,118,58,0.4152542372881356,0.2711864406779661,0.2
897,124,52,0.3709677419354839,0.28225806451612895,0.2
898,126,49,0.42857142857142855,0.3126984126984127,0.2
899,119,61,0.36134453781512604,0.3260504201680672,0.2
900,125,52,0.296,0.36960000000000004,0.4
901,124,56,0.41935483870967744,0.29193548387096774,0.2
902,123,57,0.4146341463414634,0.28780487804878047,0.2
903,119,49,0.3697478991596639,0.3563025210084034,0.2
904,112,55,0.2767857142857143,0.3321428571428572,0.2
905,128,50,0.3828125,0.33125000000000004,0.2
906,118,56,0.288135593220339,0.35423728813559324,0.30000000000000004
907,118,60,0.4745762711864407,0.2711864406779661,0.2
908,122,54,0.3524590163934426,0.3475409836065574,0.2
909,122,59,0.4098360655737705,0.2704918032786886,0.2
910,111,52,0.3063063063063063,0.3027027027027027,0.2
911,125,56,0.432,0.27360000000000007,0.2
912,119,53,0.3277310924369748,0.34117647058823536,0.2
913,119,57,0.3697478991596639,0.3344537815126052,0.2
914,118,58,0.3644067796610169,0.29491525423728815,0.2
915,120,59,0.375,0.33833333333333343,0.2
916,121,57,0.30578512396694213,0.3702479338842976,0.2
917,123,56,0.45528455284552843,0.3154471544715447,0.2
918,123,56,0.3821138211382114,0.2894308943089431,0.2
919,120,55,0.38333333333333336,0.3066666666666667,0.2
920,120,57,0.3333333333333333,0.3266666666666667,0.2
921,124,61,0.29838709677419356,0.3806451612903226,0.2
922,118,55,0.3898305084745763,0.29830508474576267,0.2
923,119,58,0.36134453781512604,0.304201680672269,0.2
924,123,55,0.35772357723577236,0.3300813008130082,0.2
925,118,62,0.3898305084745763,0.3033898305084746,0.2
926,119,61,0.37815126050420167,0.2991596638655462,0.2
927,124,59,0.33064516129032256,0.3419354838709677,0.2
928,114,56,0.3333333333333333,0.356140350877193,0.4
929,125,55,0.36,0.35359999999999997,0.2
930,126,59,0.30158730158730157,0.36507936507936506,0.2
931,122,51,0.3442622950819672,0.30491803278688534,0.2
932,124,56,0.3951612903225806,0.31451612903225806,0.2
933,119,59,0.3949579831932773,0.31764705882352945,0.2
934,122,63,0.36065573770491804,0.3409836065573771,0.2
935,123,59,0.37398373983739835,0.3154471544715447,0.2
936,118,57,0.3898305084745763,0.28813559322033905,0.2
937,120,53,0.4166666666666667,0.30833333333333335,0.2
938,118,58,0.4067796610169492,0.32881355932203393,0.2
939,126,55,0.4444444444444444,0.2952380952380952,0.2
940,124,56,0.3790322580645161,0.31612903225806455,0.2
941,122,58,0.36065573770491804,0.32459016393442625,0.2
942,126,58,0.3253968253968254,0.32380952380952377,0.2
943,121,55,0.4132231404958678,0.2859504132231405,0.2
944,120,62,0.39166666666666666,0.315,0.2
945,121,53,0.4049586776859504,0.3123966942148761,0.2
946,119,57,0.4117647058823529,0.28907563025210087,0.2
947,117,59,0.3247863247863248,0.34700854700854694,0.2
948,126,57,0.3492063492063492,0.3333333333333333,0.2
949,124,58,0.3387096774193548,0.35322580645161294,0.2
950,122,57,0.3442622950819672,0.30819672131147535,0.2
951,119,54,0.3445378151260504,0.3378151260504202,0.2
952,119,60,0.3277310924369748,0.3563025210084034,0.2
953,130,56,0.4,0.3292307692307693,0.2
954,122,52,0.3360655737704918,0.2918032786885247,0.2
955,119,62,0.42016806722689076,0.2638655462184874,0.2
956,124,58,0.45161290322580644,0.27741935483870966,0.2
957,124,55,0.27419354838709675,0.38870967741935486,0.4
958,126,56,0.4126984126984127,0.32539682539682546,0.2
959,123,55,0.42276422764227645,0.3317073170731707,0.2
960,120,62,0.38333333333333336,0.30666666666666664,0.2
961,116,60,0.3017241379310345,0.34310344827586214,0.2
962,112,51,0.41964285714285715,0.2857142857142857,0.2
963,117,58,0.4017094017094017,0.3008547008547009,0.2
964,126,62,0.42063492063492064,0.27777777777777785,0.2
965,112,56,0.375,0.26785714285714285,0.2
966,120,61,0.35,0.33166666666666667,0.2
967,123,56,0.34146341463414637,0.3528455284552846,0.2
968,114,59,0.3333333333333333,0.3140350877192982,0.2
969,130,61,0.38461538461538464,0.28153846153846157,0.2
970,122,51,0.3770491803278688,0.298360655737705,0.2
971,127,55,0.4094488188976378,0.294488188976378,0.2
972,120,58,0.23333333333333334,0.39333333333333337,0.4
973,124,58,0.3790322580645161,0.2887096774193549,0.2
974,111,60,0.36936936936936937,0.27387387387387385,0.2
975,119,57,0.36134453781512604,0.3193277310924371,0.2
976,127,58,0.3228346456692913,0.3606299212598426,0.2
977,123,61,0.3008130081300813,0.3219512195121952,0.2
978,115,58,0.3739130434782609,0.33043478260869563,0.2
979,111,56,0.43243243243243246,0.24864864864864866,0.2
980,119,57,0.3277310924369748,0.3613445378151261,0.2
981,119,55,0.4369747899159664,0.292436974789916,0.2
982,115,55,0.4,0.28521739130434787,0.2
983,125,55,0.352,0.3376,0.2
984,119,58,0.44537815126050423,0.26050420168067234,0.2
985,118,55,0.3813559322033898,0.34915254237288135,0.2
986,113,55,0.336283185840708,0.3504424778761062,0.2
987,122,57,0.32786885245901637,0.33770491803278685,0.2
988,114,56,0.38596491228070173,0.2754385964912281,0.2
989,114,55,0.37719298245614036,0.31052631578947376,0.2
990,118,57,0.4067796610169492,0.2542372881355932,0.2
991,118,55,0.3728813559322034,0.3254237288135593,0.2
992,124,61,0.3467741935483871,0.317741935483871,0.2
993,125,53,0.4,0.28320000000000006,0.2
994,121,56,0.38016528925619836,0.32066115702479336,0.2
995,115,54,0.3739130434782609,0.32695652173913053,0.2
996,124,64,0.4032258064516129,0.29838709677419356,0.2
997,123,59,0.34959349593495936,0.351219512195122,0.2
998,123,61,0.3821138211382114,0.31544715447154464,0.2
999,122,56,0.4016393442622951,0.2868852459016394,0.2
1000,118,59,0.423728813559322,0.3101694915254237,0.2
